,0,1,2,3,4,5,6,7,8,9,10,11,12,13,14,15,16,17,18,19,20,21,22,23,24,25,26,27,28,29,30,31,32,33,34,35,36,37,38,39,40,41,42,43,44,45,46,47,48,49,50,51,52,53,54,55,56,57,58,59,60,61,62,63,64,65,66,67,68,69,70,71,72,73,74,75,76,77,78,79,80,81,82,83,84,85,86,87,88,89,90,91,92,93,94,95,96,97,98,99,100,101,102,103,104,105,106,107,108,109,110,111,112,113,114,115,116,117,118,119,120,121,122,123,124,125,126,127,128,129,130,131,132,133,134,135,136,137,138,139,140,141,142,143,144,145,146,147,148,149,150,151,152,153,154,155,156,157,158,159,160,161,162,163,164,165,166
0,0.0233579556797764,0.011429427031343581,0.012227989618686364,0.004292273906967459,0.004791375524056698,0.011728888001597125,0.005789578758235177,0.007885805550009981,0.010880415252545418,0.011978438810141745,0.005440207626272709,0.01267718107406668,0.008933918945897385,0.0060391295667797966,0.0028947893791175885,0.006238770213615492,0.007885805550009981,0.0093831104012777,0.01572170093831104,0.004142543421840687,0.005889399081653025,0.008884008784188461,0.015771611100019962,0.010930325414254342,0.0010980235575963266,0.004991016170892394,0.004042723098422839,0.006138949890197644,0.0032441605110800557,0.0028947893791175885,0.0048911958474745455,0.006687961668995808,0.005090836494310242,0.015921341585146735,0.004991016170892394,0.004192453583549611,0.007536434418047515,0.006288680375324416,0.018616490317428628,0.013126372529446996,0.015372329806348572,0.006787781992413655,0.005340387302854861,0.007785985226592134,0.0048911958474745455,0.003144340187662208,0.01267718107406668,0.007187063286085047,0.006887602315831503,0.009782391694949091,0.020712717109203433,0.016120982231982432,0.012577360750648832,0.017768017568376922,0.008684368137352764,0.0015472150129766421,0.01242763026552206,0.017418646436414453,0.007037332800958275,0.0025953284088640447,0.0034937113196246757,0.004042723098422839,0.0036933519664603715,0.004541824715512078,0.0014473946895587942,0.003144340187662208,0.004442004392094231,0.0027450588939908166,0.003643441804751447,0.0026951487322818928,0.0011978438810141745,0.0018466759832301857,0.0013974845278498702,0.002495508085446197,0.0030944300259532842,0.0035436214813335996,0.0029446995408265123,0.001497304851267718,0.004641645038929926,0.0010980235575963266,0.0013475743661409464,0.0012477540427230985,0.018915951287682174,0.009283290077859852,0.004292273906967459,0.0028448792174086642,0.003942902775004991,0.0076362547414653625,0.0033938909962068276,0.003892992613296067,0.003892992613296067,0.003942902775004991,0.0036933519664603715,0.0027949690556997404,0.0060391295667797966,0.004342184068676382,0.0012477540427230985,0.0027450588939908166,0.002395687762028349,0.004292273906967459,0.0034937113196246757,0.0076362547414653625,0.008784188460770613,0.009183469754442005,0.006138949890197644,0.005540027949690557,0.008834098622479537,0.0013974845278498702,0.0020962267917748055,0.0022958674386105013,0.003942902775004991,0.0005490117787981633,0.00304451986424436,0.0026951487322818928,0.006538231183869036,0.009233379916150928,0.008584547813934917,0.0028947893791175885,0.0006987422639249351,0.0005490117787981633,0.004442004392094231,0.006638051507286883,0.0045917348772210025,0.005789578758235177,0.007087242962667199,0.006388500698742264,0.01532241964463965,0.007885805550009981,0.0058394889199441,0.009582751048113396,0.0056897584348173285,0.0017468556598123379,0.012277899780395288,0.001497304851267718,0.0019964064683569574,0.002545418247155121,0.0017967658215212617,0.001497304851267718,0.0058394889199441,0.0024455979237372727,0.00469155520063885,0.002196047115192653,0.007486524256338591,0.007286883609502894,0.008185266520263525,0.0027949690556997404,0.0029446995408265123,0.0017967658215212617,0.0004991016170892394,0.0025953284088640447,0.0045917348772210025,0.0040926332601317625,0.002245957276901577,0.0036933519664603715,0.0028448792174086642,0.0036933519664603715,0.0028947893791175885,0.004841285685765622,0.0018466759832301857,0.0016969454981034138,0.004791375524056698,0.010580954282291874,0.0034937113196246757,0.005540027949690557,0.003843082451587143,0.007037332800958275,0.005240566979437014
1,0.031066536203522503,0.014758643183300717,0.013861709067188518,0.0017123287671232876,0.006196999347684279,0.011904761904761904,0.005055446836268754,0.007990867579908675,0.008317025440313111,0.005789302022178734,0.0033431180691454662,0.014269406392694063,0.008643183300717547,0.007583170254403131,0.002201565557729941,0.00611545988258317,0.009703196347031963,0.008153946510110893,0.017367906066536203,0.0028538812785388126,0.0077462491846053486,0.013454011741682974,0.017775603392041747,0.008643183300717547,0.0018754076973255054,0.006033920417482061,0.0031800391389432484,0.01141552511415525,0.003424657534246575,0.002609262883235486,0.003995433789954338,0.0053816046966731895,0.005136986301369863,0.02128180039138943,0.005544683626875407,0.0066046966731898235,0.010518590998043052,0.005055446836268754,0.017041748206131767,0.010437051532941943,0.014432485322896281,0.0091324200913242,0.005870841487279843,0.007909328114807566,0.004076973255055447,0.003669275929549902,0.0091324200913242,0.0054631441617742985,0.00766470971950424,0.005626223091976516,0.028701891715590344,0.018835616438356163,0.014106327462491845,0.022749510763209392,0.01451402478799739,0.001141552511415525,0.012067840834964122,0.018590998043052837,0.007012393998695368,0.0020384866275277233,0.004729288975864318,0.0017938682322243965,0.0009784735812133072,0.00611545988258317,0.0007338551859099804,0.0005707762557077625,0.004892367906066536,0.0017938682322243965,0.0027723418134377037,0.0020384866275277233,0.0004892367906066536,0.0019569471624266144,0.0016307893020221786,0.00228310502283105,0.004729288975864318,0.00228310502283105,0.0026908023483365948,0.0026908023483365948,0.006360078277886497,0.002364644487932159,0.0002446183953033268,0.0019569471624266144,0.010926288323548597,0.023157208088714937,0.0017938682322243965,0.0030169602087410305,0.004973907371167645,0.006523157208088715,0.003587736464448793,0.0013861709067188518,0.002527723418134377,0.004484670580560991,0.0017123287671232876,0.002609262883235486,0.0031800391389432484,0.004076973255055447,0.0013861709067188518,0.001304631441617743,0.002609262883235486,0.0016307893020221786,0.006278538812785388,0.008072407045009784,0.0041585127201565555,0.005055446836268754,0.0029354207436399216,0.00611545988258317,0.0091324200913242,0.0014677103718199608,0.0032615786040443573,0.0032615786040443573,0.008480104370515329,0.0008153946510110893,0.001141552511415525,0.0020384866275277233,0.006196999347684279,0.012393998695368558,0.007257012393998695,0.002364644487932159,0.0008969341161121983,0.00032615786040443573,0.004403131115459882,0.005055446836268754,0.0042400521852576645,0.006278538812785388,0.005870841487279843,0.00766470971950424,0.014106327462491845,0.006523157208088715,0.004076973255055447,0.009703196347031963,0.004403131115459882,0.0017938682322243965,0.00766470971950424,0.001304631441617743,0.0006523157208088715,0.0016307893020221786,0.0019569471624266144,0.0008969341161121983,0.0041585127201565555,0.0010600130463144161,0.004321591650358773,0.00383235485975212,0.009050880626223091,0.006196999347684279,0.00839856490541422,0.0019569471624266144,0.0014677103718199608,0.00040769732550554466,0.0008969341161121983,0.002609262883235486,0.003587736464448793,0.004321591650358773,0.001141552511415525,0.0017938682322243965,0.0018754076973255054,0.003913894324853229,0.005544683626875407,0.0033431180691454662,0.003424657534246575,0.00032615786040443573,0.003587736464448793,0.0091324200913242,0.011333985649054142,0.004484670580560991,0.0027723418134377037,0.00684931506849315,0.0045662100456621
2,0.04254208534516508,0.027012919222236722,0.007699334464309017,0.002087955108965157,0.0033929270520683804,0.014224194179825133,0.009656792378963852,0.013571708208273522,0.00782983165861934,0.006785854104136761,0.0033929270520683804,0.0134412110139632,0.008873809213101918,0.002870938274827091,0.0052198877724128935,0.0063943625212057945,0.00613336813258515,0.007177345687067728,0.017747618426203836,0.0026099438862064468,0.006524859715516116,0.007960328852929662,0.019835573535168995,0.010309278350515464,0.0022184523032754795,0.008221323241550307,0.005741876549654182,0.007568837269998695,0.0043064074122406365,0.0027404410805167687,0.006263865326895472,0.010309278350515464,0.005089390578102571,0.02414198094740963,0.005741876549654182,0.003523424246378703,0.004828396189481926,0.004697898995171604,0.014485188568445778,0.008221323241550307,0.015268171734307712,0.010570272739136109,0.0054808821610335375,0.00613336813258515,0.0037844186349993477,0.004175910217930314,0.00952629518465353,0.0037844186349993477,0.005741876549654182,0.007699334464309017,0.024272478141719952,0.014746182957066423,0.021010048283961896,0.025577450084823178,0.022837009004306408,0.002087955108965157,0.018139110009134804,0.010831267127756753,0.006263865326895472,0.00391491582930967,0.00391491582930967,0.0014354691374135456,0.001565966331723868,0.00613336813258515,0.00013049719431032232,0.0006524859715516117,0.002870938274827091,0.001957457914654835,0.002870938274827091,0.001174474748792901,0.0006524859715516117,0.0016964635260341902,0.001565966331723868,0.000782983165861934,0.003262429857758058,0.0033929270520683804,0.0073078428813780506,0.004567401800861281,0.010439775544825787,0.0014354691374135456,0.00026099438862064463,0.0022184523032754795,0.009134803601722563,0.019444081952238026,0.0010439775544825785,0.002870938274827091,0.004958893383792249,0.00561137935534386,0.0022184523032754795,0.000782983165861934,0.002087955108965157,0.003523424246378703,0.0013049719431032234,0.0022184523032754795,0.002087955108965157,0.0036539214406890253,0.003131932663447736,0.000391491582930967,0.002348949497585802,0.0006524859715516117,0.00561137935534386,0.005350384966723215,0.001957457914654835,0.0033929270520683804,0.0040454130236199926,0.002870938274827091,0.004828396189481926,0.0016964635260341902,0.0052198877724128935,0.005872373743964505,0.008351820435860628,0.0009134803601722563,0.0014354691374135456,0.003523424246378703,0.007960328852929662,0.011614250293618688,0.006263865326895472,0.0010439775544825785,0.001174474748792901,0.0016964635260341902,0.0024794466918961243,0.0054808821610335375,0.003262429857758058,0.009917786767584497,0.00613336813258515,0.004958893383792249,0.004958893383792249,0.004436904606550959,0.0036539214406890253,0.006002870938274827,0.0024794466918961243,0.001174474748792901,0.011875244682239331,0.0006524859715516117,0.002348949497585802,0.0036539214406890253,0.0027404410805167687,0.0026099438862064468,0.005089390578102571,0.0022184523032754795,0.0027404410805167687,0.002348949497585802,0.0063943625212057945,0.005872373743964505,0.01070076993344643,0.0033929270520683804,0.0016964635260341902,0.001174474748792901,0.0,0.001957457914654835,0.0013049719431032234,0.008482317630170952,0.004175910217930314,0.0026099438862064468,0.0014354691374135456,0.013832702596894167,0.004828396189481926,0.0006524859715516117,0.0006524859715516117,0.0005219887772412893,0.002870938274827091,0.01070076993344643,0.005350384966723215,0.00391491582930967,0.0016964635260341902,0.004697898995171604,0.0040454130236199926
3,0.03506493506493506,0.025602968460111317,0.012987012987012988,0.0009276437847866419,0.005194805194805195,0.010018552875695733,0.00575139146567718,0.011317254174397032,0.007050092764378479,0.005194805194805195,0.003896103896103896,0.008719851576994434,0.018367346938775512,0.003896103896103896,0.0020408163265306124,0.006679035250463822,0.0055658627087198514,0.006679035250463822,0.015213358070500928,0.0022263450834879408,0.007792207792207792,0.014100185528756958,0.02170686456400742,0.013358070500927645,0.0050092764378478665,0.01150278293135436,0.0037105751391465678,0.0055658627087198514,0.005380333951762523,0.0005565862708719852,0.00797773654916512,0.008719851576994434,0.0050092764378478665,0.025788497217068645,0.003339517625231911,0.006307977736549165,0.006307977736549165,0.0044526901669758815,0.022263450834879406,0.0074211502782931356,0.011688311688311689,0.031725417439703155,0.00816326530612245,0.0055658627087198514,0.0022263450834879408,0.003896103896103896,0.004823747680890538,0.005380333951762523,0.008719851576994434,0.006493506493506494,0.01725417439703154,0.029684601113172542,0.014471243042671614,0.01948051948051948,0.01725417439703154,0.0009276437847866419,0.011131725417439703,0.012059369202226345,0.008348794063079777,0.0005565862708719852,0.0022263450834879408,0.0011131725417439704,0.0025974025974025974,0.007050092764378479,0.00018552875695732838,0.001484230055658627,0.007235621521335807,0.0005565862708719852,0.0011131725417439704,0.0009276437847866419,0.001484230055658627,0.0025974025974025974,0.0016697588126159556,0.0011131725417439704,0.004823747680890538,0.004081632653061225,0.002411873840445269,0.003339517625231911,0.009833024118738404,0.0009276437847866419,0.00018552875695732838,0.0025974025974025974,0.00575139146567718,0.01855287569573284,0.0018552875695732839,0.0018552875695732839,0.002411873840445269,0.0050092764378478665,0.003896103896103896,0.0012987012987012987,0.0012987012987012987,0.008534322820037106,0.00018552875695732838,0.0005565862708719852,0.0011131725417439704,0.003896103896103896,0.0020408163265306124,0.001484230055658627,0.015398886827458255,0.0012987012987012987,0.005194805194805195,0.0020408163265306124,0.0020408163265306124,0.0012987012987012987,0.001484230055658627,0.0025974025974025974,0.0027829313543599257,0.0025974025974025974,0.0037105751391465678,0.004267161410018553,0.029684601113172542,0.00037105751391465676,0.0009276437847866419,0.0018552875695732839,0.0055658627087198514,0.006307977736549165,0.00575139146567718,0.0018552875695732839,0.0022263450834879408,0.0007421150278293135,0.018367346938775512,0.0020408163265306124,0.004081632653061225,0.011873840445269016,0.0044526901669758815,0.00797773654916512,0.0018552875695732839,0.0037105751391465678,0.005194805194805195,0.0020408163265306124,0.001484230055658627,0.0012987012987012987,0.007050092764378479,0.0022263450834879408,0.004823747680890538,0.0018552875695732839,0.0009276437847866419,0.0020408163265306124,0.0037105751391465678,0.0012987012987012987,0.001484230055658627,0.0020408163265306124,0.003896103896103896,0.0044526901669758815,0.006864564007421151,0.0009276437847866419,0.0016697588126159556,0.0007421150278293135,0.00018552875695732838,0.0011131725417439704,0.0009276437847866419,0.00927643784786642,0.013172541743970315,0.0020408163265306124,0.00037105751391465676,0.0050092764378478665,0.001484230055658627,0.0007421150278293135,0.0020408163265306124,0.0005565862708719852,0.0012987012987012987,0.006493506493506494,0.007050092764378479,0.0044526901669758815,0.0012987012987012987,0.00909090909090909,0.005194805194805195
4,0.03244997295835587,0.013160266810888768,0.009013881377321075,0.0019830539030106366,0.014061654948620876,0.009915269515053182,0.006489994591671174,0.02145303767802416,0.005768884081485488,0.002163331530557058,0.005047773571299802,0.005768884081485488,0.00829277086713539,0.0009013881377321074,0.007751937984496124,0.005949161709031909,0.003966107806021273,0.002523886785649901,0.010095547142599604,0.0023436091581034795,0.006670272219217595,0.006489994591671174,0.01352082206598161,0.004146385433567695,0.0045069406886605375,0.00847304849468181,0.003966107806021273,0.011537768162970976,0.004146385433567695,0.002884442040742744,0.003244997295835587,0.010095547142599604,0.01334054443843519,0.019289706147467098,0.0018027762754642149,0.0030647196682891654,0.010636380025238867,0.002523886785649901,0.00847304849468181,0.005047773571299802,0.011718045790517396,0.005768884081485488,0.011357490535424553,0.015503875968992248,0.005949161709031909,0.015323598341445827,0.0075716603569497025,0.00847304849468181,0.007932215612042546,0.011357490535424553,0.016044708851631513,0.01352082206598161,0.011718045790517396,0.01694609698936362,0.02650081124932396,0.000721110510185686,0.011177212907878133,0.006129439336578331,0.004687218316206959,0.001081665765278529,0.0005408328826392645,0.0016224986479177934,0.001081665765278529,0.006309716964124752,0.0005408328826392645,0.0,0.006670272219217595,0.005949161709031909,0.000721110510185686,0.000721110510185686,0.000360555255092843,0.0030647196682891654,0.011357490535424553,0.000360555255092843,0.004146385433567695,0.005588606453939066,0.003244997295835587,0.0027041644131963224,0.006670272219217595,0.0045069406886605375,0.0001802776275464215,0.001442221020371372,0.004146385433567695,0.020010816657652784,0.000360555255092843,0.001081665765278529,0.001081665765278529,0.009013881377321075,0.003244997295835587,0.0019830539030106366,0.0016224986479177934,0.00829277086713539,0.0005408328826392645,0.000721110510185686,0.014422210203713719,0.004687218316206959,0.002884442040742744,0.000360555255092843,0.01712637461691004,0.0009013881377321074,0.005047773571299802,0.000360555255092843,0.003966107806021273,0.0012619433928249505,0.0027041644131963224,0.002163331530557058,0.0023436091581034795,0.000721110510185686,0.01820804038218857,0.003244997295835587,0.007932215612042546,0.0001802776275464215,0.001442221020371372,0.0009013881377321074,0.003966107806021273,0.007751937984496124,0.0037858301784748512,0.0019830539030106366,0.009013881377321075,0.000721110510185686,0.0019830539030106366,0.009013881377321075,0.002163331530557058,0.0037858301784748512,0.007932215612042546,0.0072111051018568595,0.01099693528033171,0.0045069406886605375,0.013881377321074456,0.004326663061114116,0.002523886785649901,0.005228051198846223,0.014241932576167298,0.0036055525509284298,0.003244997295835587,0.0005408328826392645,0.0030647196682891654,0.002884442040742744,0.005949161709031909,0.0016224986479177934,0.0012619433928249505,0.0018027762754642149,0.0018027762754642149,0.0037858301784748512,0.003966107806021273,0.002884442040742744,0.0045069406886605375,0.016224986479177934,0.000360555255092843,0.0009013881377321074,0.0001802776275464215,0.009734991887506761,0.007391382729403281,0.002884442040742744,0.0030647196682891654,0.032089417703263026,0.000360555255092843,0.002884442040742744,0.0009013881377321074,0.0,0.003244997295835587,0.0034252749233820083,0.005408328826392645,0.005047773571299802,0.005047773571299802,0.008833603749774653,0.002884442040742744
5,0.012248995983935742,0.004116465863453815,0.0030120481927710845,0.0049196787148594375,0.0023092369477911647,0.004116465863453815,0.006626506024096385,0.019076305220883535,0.009136546184738956,0.005220883534136547,0.0006024096385542169,0.004618473895582329,0.01144578313253012,0.0018072289156626507,0.00853413654618474,0.0069277108433734936,0.002811244979919679,0.008032128514056224,0.0069277108433734936,0.0035140562248995983,0.004216867469879518,0.0024096385542168677,0.005522088353413655,0.003815261044176707,0.0006024096385542169,0.002008032128514056,0.006124497991967871,0.008634538152610442,0.0025100401606425703,0.0011044176706827308,0.0012048192771084338,0.0024096385542168677,0.0018072289156626507,0.010943775100401607,0.0011044176706827308,0.004718875502008032,0.017269076305220885,0.0034136546184738957,0.00642570281124498,0.010441767068273093,0.014959839357429719,0.006526104417670682,0.013152610441767068,0.021184738955823294,0.0018072289156626507,0.01144578313253012,0.00391566265060241,0.013052208835341365,0.005321285140562249,0.013755020080321286,0.008734939759036145,0.014457831325301205,0.00783132530120482,0.013152610441767068,0.0069277108433734936,0.000502008032128514,0.007228915662650603,0.002811244979919679,0.0025100401606425703,0.008132530120481927,0.00321285140562249,0.004116465863453815,0.0014056224899598394,0.0025100401606425703,0.0019076305220883535,0.0013052208835341366,0.011345381526104417,0.011546184738955823,0.013453815261044177,0.008132530120481927,0.004216867469879518,0.015461847389558234,0.00823293172690763,0.003714859437751004,0.0051204819277108436,0.01716867469879518,0.0178714859437751,0.005622489959839358,0.0009036144578313253,0.006325301204819277,0.0022088353413654616,0.016164658634538153,0.009738955823293172,0.004116465863453815,0.0017068273092369479,0.0006024096385542169,0.005622489959839358,0.00321285140562249,0.0015060240963855422,0.0023092369477911647,0.0008032128514056225,0.00321285140562249,0.00020080321285140563,0.002108433734939759,0.0017068273092369479,0.016566265060240965,0.0018072289156626507,0.0013052208835341366,0.00853413654618474,0.0017068273092369479,0.004116465863453815,0.00040160642570281126,0.002811244979919679,0.0008032128514056225,0.0008032128514056225,0.0019076305220883535,0.007931726907630523,0.004317269076305221,0.0008032128514056225,0.005421686746987952,0.0050200803212851405,0.00040160642570281126,0.0007028112449799197,0.002811244979919679,0.0017068273092369479,0.0024096385542168677,0.0017068273092369479,0.0069277108433734936,0.008634538152610442,0.004518072289156626,0.017369477911646586,0.02530120481927711,0.0022088353413654616,0.008835341365461847,0.010642570281124497,0.002811244979919679,0.01606425702811245,0.024497991967871485,0.007730923694779117,0.01646586345381526,0.006024096385542169,0.001606425702811245,0.020180722891566263,0.0012048192771084338,0.004718875502008032,0.00020080321285140563,0.0008032128514056225,0.0008032128514056225,0.0035140562248995983,0.0007028112449799197,0.006124497991967871,0.0006024096385542169,0.00020080321285140563,0.004417670682730923,0.0024096385542168677,0.00321285140562249,0.01325301204819277,0.002008032128514056,0.00010040160642570282,0.00020080321285140563,0.000502008032128514,0.0050200803212851405,0.010642570281124497,0.0006024096385542169,0.00040160642570281126,0.025,0.0009036144578313253,0.0011044176706827308,0.000502008032128514,0.0007028112449799197,0.007630522088353414,0.0017068273092369479,0.01395582329317269,0.006024096385542169,0.02108433734939759,0.005321285140562249,0.0017068273092369479
6,0.004364762754024499,0.0008447927911015159,0.0016426526493640587,0.008870324306565917,0.0030271741681137656,0.003918899892054254,0.004059698690571174,0.0064767447317782886,0.002158914910592763,0.002370113108368142,0.00032853052987281175,0.0040362322241516875,0.00694607406016802,0.006617543530295208,0.003191439433050171,0.005279954944384474,0.0029802412352747925,0.005326887877223447,0.00626554653400291,0.0040127657577322005,0.001478387384427653,0.0008213263246820294,0.004857558548833717,0.0037077016942788756,0.00042239639555075796,0.0005631951940676772,0.0019711831792368706,0.009785516496925892,0.002370113108368142,0.002909841836016333,0.003144506500211198,0.0018773173135589244,0.004974890880931149,0.007438869854977237,0.0047167597503167975,0.002370113108368142,0.01579293190031445,0.00898765663866335,0.014995072042051907,0.005913549537710612,0.018679307269911297,0.011662833810484817,0.007438869854977237,0.01785798094522927,0.005397287276481907,0.01124043741493406,0.007345003989299291,0.011615900877645843,0.004927957948092176,0.00823672971323978,0.006523677664617262,0.018022246210165672,0.0035903693621814428,0.007532735720655184,0.0017599849814614915,0.0009855915896184353,0.005890083071291125,0.0061247477354859905,0.0018303843807199512,0.007603135119913644,0.006594077063875722,0.003637302295020416,0.0009621251231989487,0.0032383723658891443,0.0026047777725630075,0.003261838832308631,0.0055850190078378,0.012554559534425306,0.008471394377434646,0.01490120617637396,0.009011123105082836,0.022645140094804523,0.013422818791946308,0.013375885859107336,0.01178016614258225,0.016731590557093914,0.02295020415825785,0.006594077063875722,0.004317829821185526,0.01285962359787863,0.0031679729666306846,0.008799924907307457,0.009597784765570001,0.0015018538508471395,0.003308771765147604,0.0020415825784953303,0.004599427418219364,0.001736518515042005,0.005702351339935232,0.0014314544515886798,0.0008213263246820294,0.004270896888346553,0.0002581311306143521,0.0011733233209743276,0.0040127657577322005,0.0034495705636645234,0.001947716712817384,0.0024874454404655746,0.009011123105082836,0.0004458628619702445,0.0028863753695968462,0.0001407987985169193,0.0023466466419486552,0.0002581311306143521,0.00023466466419486554,0.0009386586567794622,0.009503918899892055,0.002205847843431736,0.0043882292204439855,0.007790866851269536,0.011827099075421224,0.0011263903881353545,0.0007274604590040832,0.005233022011545502,0.0019711831792368706,0.0016895855822030318,0.002628244238982494,0.010512976955929976,0.00415356455624912,0.004482095086121932,0.008846857840146431,0.02034542638569484,0.003191439433050171,0.0037546346271178487,0.008565260243112592,0.005561552541418313,0.01776411507955132,0.023935795747876285,0.010512976955929976,0.011686300276904303,0.009574318299150513,0.006171680668324964,0.01539400197118318,0.003965832824893227,0.004599427418219364,0.001055990988876895,0.0005397287276481908,0.0008213263246820294,0.004529028018960905,0.0011967897873938142,0.003848500492795795,0.0004458628619702445,0.000891725723940489,0.00694607406016802,0.0068052752616511005,0.013727882855399633,0.005608485474257286,0.003895433425634768,0.001149856854554841,0.0018773173135589244,0.00021119819777537898,0.002463978974046088,0.010794574552963815,0.0005866616604871638,0.002252780776270709,0.01450227624724269,0.003003707701694279,0.0011263903881353545,0.0019711831792368706,0.001994649645656357,0.008354062045337214,0.00762660158633313,0.014291078049467311,0.012437227202327874,0.01170976674332379,0.010020181161120759,0.003050640634533252
7,0.004538395923098795,0.0009186150784103585,0.0019575249885173114,0.009404868659915576,0.00399160123356882,0.007425471883817064,0.004691498436167188,0.004396229303821001,0.006430305548872509,0.004319678047286805,0.0009404868659915575,0.00464775486100479,0.007600446184466657,0.005796023709017738,0.0034119988626670457,0.005916318540714333,0.0037728833577568297,0.005686664771111743,0.0066271516371033,0.005730408346274141,0.0017825506878677195,0.0010717175914787516,0.002963627217252466,0.003674460313641434,0.0007545766715513659,0.0006670895212265699,0.005675728877321143,0.01015944533146694,0.0007108330963889679,0.004046280702521817,0.0024387043153036897,0.0021324992891669035,0.003718203888803832,0.005774151921436539,0.00419938321559021,0.003258896349598653,0.011843572975219265,0.008945561120710396,0.013866713326480174,0.006299074823385316,0.011559239736663677,0.00862842020078301,0.008814330395223202,0.01262002143435183,0.009798560836377156,0.007359856521073467,0.008464381793924017,0.011898252444172263,0.0045821394982611926,0.007053651494936681,0.007152074539052077,0.011646726886988474,0.007119266857680278,0.008212856236740229,0.001837230156820717,0.0013669867238249383,0.005850703177970736,0.004757113798910785,0.0031057938365302595,0.007819164060278647,0.01084840664027471,0.006933356663240087,0.0006780254150171694,0.005435139213927955,0.0020231403512609085,0.002526191465628486,0.012773123947420223,0.00995166334944555,0.011176483453992695,0.011340521860851688,0.013210559699044203,0.011548303842873078,0.0088690098641762,0.010126637650095142,0.008694035563526607,0.014927495024168326,0.012598149646770631,0.004735242011329586,0.004068152490103016,0.007764484591325649,0.003488550119201242,0.008497189475295815,0.01369173902583058,0.0014326020865685352,0.0033026399247610507,0.003007370792414864,0.0057413442400647404,0.0027777170228122745,0.005030511143675772,0.0015310251306839308,0.00047024343299577873,0.004691498436167188,0.0005467946895299753,0.002569935040790884,0.002723037553859277,0.003269832243389252,0.003958793552197021,0.004538395923098795,0.010028214605979746,0.0007655125653419654,0.004527460029308195,0.00030620502613678614,0.0012357559983377441,0.00031714091992738567,0.000951422759782157,0.0011810765293847466,0.0088690098641762,0.004385293410030402,0.003652588526060235,0.0034010629688764464,0.006506856805406706,0.001148268848012948,0.0010498458038975525,0.004625883073423591,0.0023840248463506924,0.0022199864394916997,0.002099691607795105,0.004560267710679994,0.004275934472124407,0.0029308195358806674,0.012346624089586842,0.01526650773167691,0.006124100522735723,0.008223792130530828,0.011843572975219265,0.010192253012838739,0.02063603158286127,0.01396513637059557,0.015430546138535903,0.012007611382078258,0.013308982743159599,0.009098663633778788,0.016720981605826645,0.006966164344611885,0.008059753723671835,0.004166575534218411,0.0013560508300343387,0.0020231403512609085,0.0029964348986242645,0.0008967432908291595,0.00486647273681678,0.002187178758119901,0.0009186150784103585,0.011012445047133702,0.011777957612475668,0.0088580739703856,0.00928457382821898,0.005216421338115965,0.002230922333282299,0.0006342818398547713,0.00024058966339318913,0.004374357516239802,0.008256599811902627,0.002515255571837886,0.003477614225410643,0.010312547844535334,0.002723037553859277,0.002034076245051508,0.002285601802235297,0.0019575249885173114,0.008311279280855625,0.0042868703659150065,0.01151549616150128,0.009853240305330154,0.01126397060431749,0.007425471883817064,0.005796023709017738
8,0.00702124610835385,0.0013417223546576002,0.004494118566571574,0.006330845285083434,0.004428986413432855,0.009183633592559302,0.0034389776857243347,0.005874920213112405,0.006539268175127334,0.007320854012791955,0.0015371188140737557,0.0032435812263081794,0.010356012349056235,0.008128492711712064,0.003947008480206338,0.005210572251097477,0.006330845285083434,0.004793726471009679,0.011476285383042193,0.006565321036382821,0.00278765615433715,0.002162387484205453,0.00433780139903865,0.004950043638542603,0.0008336915601755962,0.0012114580483801633,0.008206651295478526,0.012062474761290659,0.0009118501439420584,0.005562285878046557,0.0034389776857243347,0.0037125327289069523,0.004806752901637422,0.008949157841259917,0.007880990529784934,0.0038558234658121328,0.01139812679927573,0.006630453189521539,0.008792840673726992,0.007412039027186161,0.008323889171128218,0.005979131658134355,0.005275704404236195,0.009144554300676072,0.00716453684525903,0.005210572251097477,0.009978245860851668,0.01139812679927573,0.0057576823374627115,0.007607435486602316,0.007737699792879753,0.008727708520588273,0.009600479372647101,0.00642203029947764,0.0013156694934021128,0.0038297706045566453,0.005744655906834968,0.003165422642541717,0.004090299217111519,0.009730743678924538,0.008206651295478526,0.012583531986400406,0.0023187046517383772,0.006057290241900817,0.0031914755037972045,0.002709497570570688,0.01030390662654526,0.0072036161371422614,0.010851016712910496,0.00571860304557948,0.011984316177524197,0.013482355699714722,0.004937017207914859,0.00737295973530293,0.007255721859653236,0.012609584847655893,0.007451118319069392,0.0031914755037972045,0.007216642567770005,0.004415959982805111,0.008284809879244988,0.004702541456615473,0.01428999439863483,0.002592259694920995,0.003178449073169461,0.0018367267185118606,0.006135448825667279,0.0022665989292274024,0.007854937668529446,0.0024619953886435577,0.00042987221071554184,0.005067281514192296,0.0011072466033582137,0.003947008480206338,0.004246616384644444,0.00433780139903865,0.004246616384644444,0.00518451938984199,0.009444162205114176,0.0015892245365847304,0.00433780139903865,0.0004950043638542603,0.0021493610535777093,0.00036474005757682336,0.0011723787564969323,0.002839761876848125,0.010238774473406542,0.004754647179126448,0.003842797035184389,0.0030742376281475115,0.005861893782484661,0.002240546067971915,0.0023056782211106335,0.003790691312673414,0.00412937850899475,0.002579233264293251,0.004285695676527675,0.006044263811273073,0.00437688069092188,0.003334766240702385,0.011411153229903475,0.011827999009991272,0.007438091888441648,0.007946122682923652,0.01009548373650136,0.012036421900035172,0.019956491721703336,0.00875376138184376,0.015266976695715606,0.009965219430223925,0.010486276655333672,0.006513215313871846,0.011228783201115063,0.004806752901637422,0.009795875832063256,0.004754647179126448,0.001980017455417041,0.0020972553310667345,0.004428986413432855,0.0014719866609350372,0.0050542550835645525,0.0036995062982792086,0.002162387484205453,0.009496267927625151,0.010968254588560189,0.007607435486602316,0.00970469081766905,0.004572277150338036,0.0018237002878841169,0.0028527883074758687,0.0009509294358252895,0.004025167063972801,0.005445048002396863,0.002696471139942944,0.0035041098388630533,0.008271783448617244,0.0029830526137533055,0.0019930438860447847,0.0019539645941615536,0.002839761876848125,0.0059400523662511235,0.00571860304557948,0.008897052118748942,0.007425065457813905,0.011411153229903475,0.011306941784881525,0.006278739562572459
9,0.0077222934964965954,0.0024425145563998817,0.00880785552156321,0.004292904371854337,0.004736997927563407,0.00794434027435113,0.0037994670877331493,0.0064146846935754466,0.007253528076581466,0.006315997236751209,0.002639889470048357,0.003552748445672555,0.008635152472120794,0.005082404026448238,0.003725451495114971,0.004638310470739169,0.00962202704036317,0.004959044705417941,0.010189479917102536,0.00587190368104214,0.004243560643442218,0.0030839830257574264,0.005970591137866377,0.003996842001381624,0.0014556399881575051,0.002245139642751406,0.00878318365735715,0.01418632191848416,0.0020230928648968718,0.005255107075890654,0.004416263692884634,0.004292904371854337,0.0050577321622421794,0.00922727721306622,0.005551169446363367,0.0062419816441330305,0.009819401954011646,0.005403138261127011,0.010658245337017666,0.00750024671864206,0.0091779334846541,0.003429389124642258,0.0057732162242179015,0.011793151090496399,0.00584723181683608,0.007179512483963289,0.006760090792460279,0.010584229744399487,0.005970591137866377,0.007031481298726932,0.009449323990920754,0.010386854830751012,0.010337511102338893,0.0070068094345208725,0.0036514359024967928,0.0035280765814664954,0.007450902990229942,0.003552748445672555,0.006464028421987566,0.007031481298726932,0.0066860751998421,0.009992105003454061,0.0031579986183756046,0.005551169446363367,0.00461363860653311,0.006340669100957269,0.009375308398302576,0.006809434520872397,0.006488700286193624,0.0038734826803513275,0.006809434520872397,0.009301292805684397,0.004021513865587684,0.004786341655975525,0.009128589756241982,0.01250863515247212,0.00752491858284812,0.004440935557090694,0.008857199249975328,0.003848810816145268,0.002541202013224119,0.004712326063357347,0.014852462252047765,0.004292904371854337,0.0030346392973453072,0.00375012335932103,0.004539623013914931,0.003996842001381624,0.006982137570314813,0.00251653014901806,0.0010362182966544952,0.0036020921740846736,0.0018010460870423368,0.00500838843383006,0.005501825717951248,0.005896575545248199,0.0029112799763150103,0.0036020921740846736,0.006957465706108753,0.002763248791078654,0.0071301687555511695,0.0012829369387150893,0.0026152176058422973,0.0006908121977696635,0.0013569525313332676,0.004144873186617981,0.009079246027829863,0.005205763347478535,0.004440935557090694,0.00333070166781802,0.007204184348169347,0.0021711240501332283,0.0018997335438665746,0.0056498569031876045,0.0038981545445573866,0.003947498272969505,0.004712326063357347,0.004835685384387644,0.005995263002072437,0.003676107766702852,0.012755353794532714,0.014359024967926577,0.007031481298726932,0.007352215533405704,0.007672949768084476,0.009054574163623803,0.015197868350932597,0.00922727721306622,0.014260337511102339,0.008487121286884437,0.008166387052205664,0.004860357248593704,0.012903384979769072,0.003059311161551367,0.005230435211684595,0.004514951149708872,0.0022698115069574656,0.0021957959143392874,0.005674528767393664,0.0024425145563998817,0.008117043323793547,0.0040461857297937436,0.003133326754169545,0.008881871114181388,0.011571104312641863,0.007352215533405704,0.006562715878811803,0.00542781012533307,0.0014803118523635645,0.0031826704825816637,0.0007401559261817822,0.0041942169150301,0.0050577321622421794,0.0023191552353695843,0.004095529458205862,0.0075989341754662985,0.005921247409454258,0.003256686075199842,0.0015296555807756834,0.0010115464324484359,0.00542781012533307,0.0067107470640481596,0.010633573472811606,0.0074262311260238825,0.01127504194216915,0.013668212770156913,0.004514951149708872
10,0.009028203147886762,0.004261098830861008,0.008122719646328797,0.004793736184718634,0.0039148845508535516,0.006711230658606088,0.005406269141654904,0.006764494393991851,0.01022663719406642,0.007350395483235239,0.002822977975445418,0.003195824123145756,0.009241258089429811,0.004926895523183041,0.004527417507789821,0.004074675757010839,0.008681988867879305,0.005672587818583717,0.011771285520253536,0.0045806812431755835,0.006418280113984394,0.004394258169325415,0.0057791152893552425,0.004554049375482702,0.001571280193879997,0.001677807664651522,0.007723241630935578,0.012010972329489467,0.002103917547737623,0.005752483421662361,0.004314362566246771,0.0037550933446962634,0.005752483421662361,0.008815148206343711,0.005406269141654904,0.006045433966284056,0.009560840501744387,0.005672587818583717,0.012490345947961331,0.006391648246291512,0.009640736104823031,0.003542038403153213,0.006045433966284056,0.011558230578710485,0.005805747157048124,0.004846999920104397,0.007536818557085408,0.011744653652560654,0.00450078564009694,0.005752483421662361,0.009347785560201338,0.014088258009534208,0.011185384431010147,0.006791126261684732,0.003462142800074569,0.0036485658739247384,0.007270499880156596,0.003968148286239314,0.009693999840208793,0.006631335055527444,0.006072065833976937,0.005619324083197955,0.003781725212389145,0.007137340541692189,0.004767104317025753,0.006977549335534901,0.008442302058643372,0.006365016378598631,0.0057791152893552425,0.005752483421662361,0.007723241630935578,0.008921675677115236,0.004554049375482702,0.005219846067804735,0.0076699778955498146,0.011291911901781672,0.008042824043250154,0.0026898186369810114,0.005512796612426429,0.0030360329169884684,0.002103917547737623,0.005139950464726091,0.013395829449519295,0.00633838451090575,0.003701829609310501,0.002822977975445418,0.005219846067804735,0.005512796612426429,0.006311752643212869,0.002556659298516605,0.002024021944658979,0.00490026365549016,0.0026898186369810114,0.0027697142400596553,0.004207835095475246,0.006764494393991851,0.004261098830861008,0.00245013182774508,0.004261098830861008,0.0038349889477749073,0.007110708673999307,0.0023169724892806733,0.003941516418546433,0.0014913845908013528,0.0028762417108311807,0.006471543849370156,0.009108098750965405,0.004873631787797279,0.005246477935497616,0.003621934006231857,0.005592692215505074,0.001677807664651522,0.0026898186369810114,0.006178593304748462,0.0033023515939172815,0.004474153772404059,0.004793736184718634,0.004207835095475246,0.005912274627819649,0.0032224559908386376,0.013422461317212177,0.01472742283416336,0.006844389997070495,0.00633838451090575,0.009640736104823031,0.009480944898665744,0.01206423606487523,0.009187994354044049,0.014833950304934885,0.00838903832325761,0.006098697701669818,0.007297131747849477,0.01288982396335455,0.0016245439292657594,0.0045806812431755835,0.0039148845508535516,0.0012783296492583024,0.003142560387759994,0.004846999920104397,0.0033822471969959253,0.009267889957122693,0.004474153772404059,0.003861620815467789,0.008282510852486085,0.010333164664837946,0.004394258169325415,0.005965538363205411,0.0030626647846813495,0.0017310714000372846,0.0021838131508162668,0.0019174944738874536,0.0039148845508535516,0.005299741670883379,0.0032224559908386376,0.00410130762470372,0.008415670190950492,0.006391648246291512,0.004554049375482702,0.0015446483261871155,0.0015180164584942342,0.005859010892433887,0.007323763615542358,0.008575461397107778,0.006391648246291512,0.008069455910943034,0.012490345947961331,0.003808357080082026
11,0.01087538319303197,0.0058877913483528785,0.006666342270449126,0.0038440951778502264,0.004403678653106905,0.007396233759914359,0.006155418227823463,0.007347574327283344,0.008929005887791348,0.007323244610967836,0.004282030071529366,0.004087392341005304,0.00793148751885553,0.005960780497299402,0.003771106028903703,0.005206559291518661,0.00652036397255608,0.00608242907887694,0.009804875675149628,0.004306359787844874,0.006836650284657681,0.006131088511507956,0.007639530923069437,0.005230889007834169,0.001508442411561481,0.0026032796457593306,0.009853535107780644,0.009756216242518613,0.002968225390491947,0.005352537589411707,0.004817283830470536,0.004695635248892998,0.005060580993625614,0.009026324753053379,0.00326018198627804,0.006058099362561432,0.008564060143058732,0.005985110213614909,0.010948372341978492,0.004963262128363583,0.010607756313561385,0.004598316383630967,0.006131088511507956,0.011288988370395601,0.006350055958347526,0.007566541774122914,0.008223444114641622,0.010048172838304706,0.005036251277310107,0.008564060143058732,0.009658897377256581,0.013770619434577393,0.009950853973042675,0.008734368157267287,0.0040630626246897965,0.004719964965208505,0.007152936596759282,0.004184711206267335,0.012894749647219114,0.005741813050459832,0.005303878156780692,0.005571505036251277,0.005401197022042723,0.007323244610967836,0.003357500851540071,0.0057661427667753395,0.007444893192545375,0.004914602695732568,0.005741813050459832,0.004160381489951827,0.007347574327283344,0.008734368157267287,0.005376867305727215,0.004160381489951827,0.005839131915721863,0.011118680356187047,0.005668823901513308,0.0032358522699625324,0.005693153617828816,0.002530290496812807,0.0013624641136684346,0.0037224465962726874,0.010705075178823414,0.007347574327283344,0.0037224465962726874,0.0038440951778502264,0.00326018198627804,0.006544693688871588,0.006179747944138971,0.002432971631550776,0.002554620213128315,0.005084910709941122,0.002141015035764683,0.003016884823122962,0.0051578998588876455,0.007396233759914359,0.002724928227336869,0.002432971631550776,0.004136051773636319,0.004014403192058781,0.008077465816748577,0.002651939078390346,0.004257700355213858,0.0016544207094545277,0.003333171135224563,0.006860980000973189,0.007420563476229867,0.004865943263101552,0.006204077660454479,0.0035034791494331177,0.00652036397255608,0.0015571018441924967,0.00347914943311761,0.006058099362561432,0.004257700355213858,0.004428008369422413,0.005839131915721863,0.004719964965208505,0.005595834752566785,0.003454819716802102,0.00943992993041701,0.011240328937764586,0.004817283830470536,0.006617682837818111,0.006909639433604204,0.009050654469368887,0.011799912413021264,0.009026324753053379,0.013527322271422315,0.008296433263588147,0.008710038440951778,0.005863461632037371,0.01608194248455063,0.0026762687947058535,0.004865943263101552,0.00304121453943847,0.0016787504257700355,0.0032115225536470246,0.0058877913483528785,0.004744294681524013,0.011167339788818063,0.004768624397839521,0.0052795484404651845,0.007250255462021312,0.008004476667802053,0.005230889007834169,0.007955817235171038,0.0040630626246897965,0.0018003990073475744,0.0023356527662887453,0.002116685319449175,0.00608242907887694,0.003649457447326164,0.0028952362415454237,0.003162863121016009,0.006155418227823463,0.005571505036251277,0.003771106028903703,0.0019220475889251132,0.0015814315605080045,0.005036251277310107,0.009926524256727166,0.006642012554133618,0.006447374823609557,0.007469222908860883,0.01369763028563087,0.003990073475743273
12,0.011901842805137975,0.005224739234585133,0.007959711036082767,0.004225059886451515,0.003828960522096686,0.0072429598053454555,0.00563970047343305,0.006111247335760228,0.011203953448893751,0.0071486504328800195,0.006016937963294792,0.003659203651658902,0.0068845841899768,0.005828319218363921,0.004319369258916951,0.00399871739253447,0.0056585623479261365,0.00537563423052983,0.00924231850161269,0.004734330497764868,0.007544749797234849,0.00662051794707358,0.006941169813456062,0.005187015485598959,0.001829601825829451,0.0017541543278571025,0.011222815323386839,0.009034837882188732,0.003527170530207292,0.007978572910575852,0.004507988003847822,0.0040175792670275575,0.004168474262972254,0.008808495388271687,0.003376275534262595,0.004111888639492993,0.007978572910575852,0.004036441141520644,0.009977931606843089,0.004753192372257955,0.009864760359884565,0.004149612388479167,0.0049795348661750005,0.00924231850161269,0.005149291736612785,0.00484750174472339,0.006865722315483712,0.01088330158251127,0.005262462983571308,0.006771412943018277,0.008148329781013637,0.010675820963087312,0.010807854084538921,0.007525887922741762,0.004715468623271781,0.0038855461455759473,0.006790274817511364,0.004828639870230304,0.014863157100552653,0.005451081728502179,0.004507988003847822,0.005224739234585133,0.006318727955184187,0.006299866080691099,0.00550766735198144,0.007129788558386933,0.008638738517833902,0.005187015485598959,0.004621159250806345,0.0039232698945621215,0.005734009845898486,0.00675255106852519,0.003659203651658902,0.004489126129354736,0.004809777995737216,0.008148329781013637,0.00786540166361733,0.002867004922949243,0.006130109210253315,0.0029801761699077656,0.002904728671935417,0.0044514023803685614,0.010788992210045834,0.008299224776958334,0.004715468623271781,0.003244242412810985,0.0037912367731105117,0.007752230416658808,0.004866363619216478,0.003244242412810985,0.00399871739253447,0.008506705396382293,0.004338231133410038,0.0035460324047003793,0.0043570930079031255,0.006960031687949148,0.003942131769055209,0.002452043684101326,0.005790595469377747,0.003696927400645076,0.01390120150140521,0.003376275534262595,0.005054982364147349,0.002810419299469981,0.0046966067487786934,0.008921666635230209,0.007601335420714111,0.007676782918686459,0.006205556708225663,0.0037535130241243375,0.005168153611105872,0.001829601825829451,0.0037157892751381633,0.006507346700115058,0.0034517230322349433,0.0037535130241243375,0.0038855461455759473,0.0043948167568893,0.004187336137465341,0.003979855518041383,0.007356131052303978,0.010279721598732482,0.006658241696059755,0.005998076088801705,0.006111247335760228,0.009072561631174906,0.011392572193824623,0.008431257898409945,0.01292038402776468,0.008167191655506724,0.007129788558386933,0.005922628590829357,0.010072240979308523,0.0013391930890091857,0.0043570930079031255,0.0037723748986174246,0.002848143048456156,0.005884904841843183,0.00550766735198144,0.0054133579795160045,0.013599411509515815,0.005677424222419224,0.007167512307373107,0.006224418582718751,0.0087896335137786,0.006205556708225663,0.009261180376105778,0.0031122092913593753,0.0020748061942395834,0.002791557424976894,0.003395137408755682,0.009185732878133429,0.005300186732557482,0.004602297376313258,0.002904728671935417,0.006582794198087406,0.004677744874285607,0.004111888639492993,0.0019616349472810607,0.0029801761699077656,0.005545391100967614,0.005809457343870834,0.0058471810928570084,0.006771412943018277,0.006337589829677273,0.011185091574400664,0.0026595243035252842
13,0.009549012020521015,0.004693370614007714,0.005929125110781022,0.004318899554379439,0.003183004006840338,0.005067841673635989,0.005242594834795851,0.005092806410944541,0.01358081709585211,0.005255077203450127,0.008101057256625016,0.0035449926978143374,0.007501903561219777,0.005067841673635989,0.003782157702245578,0.0029333566337548214,0.006752961441963227,0.0037571929649370265,0.00962390623244667,0.00590416037347247,0.009524047283212463,0.005554654051152747,0.007863892252193777,0.004818194300550472,0.0015353313444759278,0.0018349081921785477,0.010185612821889081,0.009960930186112117,0.004231522973799509,0.010834695991911425,0.004743300088624817,0.0035449926978143374,0.0029208742651005456,0.007926304095465155,0.003270380587420269,0.004468687978230749,0.007139914870245778,0.004718335351316266,0.008987305431078601,0.0044312408722679214,0.007801480408922397,0.0032204511128031657,0.004805711931896196,0.008650281477413153,0.004131664024565301,0.0038320871768626813,0.00500542983036461,0.006515796437531986,0.004967982724401783,0.005779336686929711,0.0069277146031230885,0.00806361015066219,0.007626727247762535,0.007439491717948398,0.005542171682498471,0.0037571929649370265,0.005479759839227091,0.004006840338022543,0.015340831076105002,0.005242594834795851,0.008250845680476328,0.0062536666957921936,0.00986107123687791,0.008150986731242121,0.005729407212312608,0.009586459126483841,0.006390972750989227,0.005991536954052401,0.005017912199018886,0.0036947811216656475,0.006278631433100745,0.006153807746557987,0.0036947811216656475,0.0040567698126396465,0.004293934817070888,0.00725225618813426,0.008500493053561844,0.002646262154706477,0.005067841673635989,0.0029957684770262004,0.0017974610862157203,0.003170521638186062,0.00881255226991874,0.01061001335613446,0.010560083881517357,0.007751550934305294,0.004343864291687991,0.009211988066855567,0.007264738556788536,0.004593511664773508,0.004331381923033715,0.008150986731242121,0.005941607479435298,0.0038320871768626813,0.0036947811216656475,0.0058916780048181945,0.0032828629560745447,0.0015977431877473068,0.005092806410944541,0.006415937488297779,0.013618264201814936,0.005267559572104403,0.008712693320684533,0.004044287443985371,0.006266149064446469,0.009748729918989427,0.007127432501591502,0.008825034638573016,0.0054672774705728155,0.0028459800531748904,0.005017912199018886,0.0019098024041042027,0.0027336387352864078,0.005929125110781022,0.0033952042739630274,0.004780747194587645,0.003882016651479785,0.0024715089935466155,0.005354936152684333,0.004630958770736335,0.0068653027598517095,0.007451974086602674,0.008650281477413153,0.005642030631732678,0.006890267497160261,0.009336811753398325,0.009973412554766392,0.007202326713517157,0.01381798210028335,0.010035824398037772,0.007015091183703019,0.005841748530201091,0.00827581041778488,0.001223272128119032,0.004918053249784679,0.0069277146031230885,0.0018723552981413753,0.005080324042290265,0.006678067230037572,0.00560458352576985,0.014005217630097487,0.007514385929874053,0.00838815173567336,0.007489421192565501,0.009074682011658532,0.004156628761873853,0.007314668031405639,0.00455606455881068,0.002259308726423926,0.0025838503114350977,0.004481170346885025,0.008400634104327637,0.0059540898480895735,0.00605394879732378,0.003632369278394268,0.004718335351316266,0.005704442475004057,0.0061288430092494356,0.001897320035449927,0.0017225668742900653,0.006316078539063573,0.0043688290289965424,0.004905570881130404,0.00551720694518992,0.004443723240922197,0.007626727247762535,0.0017225668742900653
14,0.010395981777829693,0.004602266090409999,0.005092862983296344,0.0037378810886578673,0.002896857843709847,0.005957247985048476,0.004193435346338045,0.004660670482420278,0.010057236304170073,0.005373204064945684,0.006494568391543044,0.002628197640462563,0.008258381030253475,0.004765798388038781,0.004275201495152436,0.003048709262936573,0.005349842308141573,0.005326480551337461,0.010454386169839971,0.005758673052213527,0.010652961102674921,0.004240158859946268,0.006319355215512207,0.004240158859946268,0.0015418759490713702,0.001495152435463147,0.008585445625511038,0.008421913327882257,0.006120780282677258,0.010279172993809135,0.0038780516294825373,0.0030019857493283494,0.0022894521668029434,0.006436163999532765,0.0022427286531947204,0.004450414671183273,0.007031888798037613,0.003539306155822918,0.008094848732624694,0.004041583927111319,0.008293423665459643,0.004228477981544212,0.0038079663590702023,0.008024763462212358,0.003258965074173578,0.002698282910874898,0.005034458591286065,0.006003971498656699,0.004473776427987385,0.00538488494334774,0.007872912042985632,0.007020207919635557,0.006728185959584161,0.008690573531129541,0.005081182104894288,0.0017871743955145427,0.007358953393295176,0.003410816493400304,0.012358369349375073,0.006809952108398552,0.007989720827006191,0.00950823501927345,0.007440719542109567,0.006074056769069034,0.005548417240976522,0.0077327415021609626,0.007580890082934237,0.006658100689171826,0.005501693727368298,0.005782034809017638,0.005501693727368298,0.0070435696764396686,0.004064945683915431,0.005630183389790913,0.005326480551337461,0.007978039948604135,0.010898259549118093,0.002780049059689289,0.004905968928863451,0.003118794533348908,0.0024997079780399484,0.003387454736596192,0.01099170657633454,0.007020207919635557,0.0072655063660787295,0.007417357785305455,0.006354397850718374,0.009718490830510454,0.006167503796285481,0.005501693727368298,0.0039014133862866488,0.008643850017521318,0.008270061908655531,0.003936456021492816,0.004567223455203832,0.004765798388038781,0.00398317953510104,0.002464665342833781,0.005852120079429973,0.0038430089942763698,0.011774325429272281,0.006424483121130709,0.008293423665459643,0.002756687302885177,0.004240158859946268,0.009952108398551571,0.00622590818829576,0.008795701436748044,0.005291437916131293,0.003399135614998248,0.006062375890666978,0.0011213643265973602,0.002406260950823502,0.004462095549585329,0.0025113888564420044,0.004508819063193552,0.0035977105478331973,0.004193435346338045,0.004111669197523654,0.005046139469688121,0.007020207919635557,0.00942646887045906,0.007008527041233501,0.006167503796285481,0.008059806097418526,0.011143557995561265,0.01475294942179652,0.008573764747108983,0.013246116107931317,0.00973017170891251,0.0074640812989136785,0.003948136899894872,0.012335007592570961,0.002569793248452284,0.006880037378810887,0.0037612428454619788,0.002990304870926294,0.004088307440719542,0.00922789393762411,0.00468403223922439,0.014928162597827357,0.005279757037729238,0.008211657516645252,0.010816493400303703,0.009776895222520733,0.005560098119378578,0.0076159327181404045,0.004590585212007943,0.002569793248452284,0.002558112370050228,0.004894288050461395,0.011902815091694895,0.0035159443990188063,0.0076042518397383485,0.0036327531830393648,0.005560098119378578,0.005828758322625862,0.004392010279172994,0.004310244130358603,0.0012381731106179184,0.005571778997780633,0.004894288050461395,0.005887162714636141,0.004053264805513375,0.005057820348090177,0.008235019273449364,0.0010863216913911927
15,0.010548619685675524,0.004527370009603512,0.00745415466227649,0.004420664319141477,0.0034908004451151657,0.006524290788250179,0.004893218091187634,0.00670721482904224,0.012118717702474047,0.005914543985609975,0.0046035883599335374,0.004359689638877456,0.007393179982012469,0.005320040853035777,0.0038109175165012728,0.004786512400725599,0.004801756070791603,0.004862730751055624,0.01189006265148397,0.006448072437920153,0.00916144570966906,0.005518208563893843,0.007240743281352419,0.006280392067194098,0.0018597277480526212,0.0019511897684486516,0.009329126080395116,0.010929711437325651,0.0028200789622109417,0.006600509138580205,0.004771268730659594,0.004481638999405497,0.003521287785247176,0.007530373012606515,0.0030792213533330287,0.003932866877029314,0.007880977424124632,0.0049237054313196445,0.009771192512309264,0.005365771863233792,0.012072986692276032,0.004176765598085395,0.004024328897425344,0.008216338165576743,0.003506044115181171,0.004085303577689364,0.006493803448118169,0.006722458499108245,0.004695050380329568,0.005198091492507736,0.00990838554290331,0.01099068611758967,0.009832167192573285,0.007987683114586667,0.005609670584289874,0.002652398591484886,0.008094388805048704,0.0041005472477553696,0.012819926525510282,0.008841328638282953,0.005198091492507736,0.005350528193167787,0.005335284523101782,0.006006006006006006,0.004801756070791603,0.0056401579244218835,0.006204173716864072,0.006844407859636286,0.006752945839240255,0.004237740278349416,0.00592978765567598,0.006051737016204021,0.00413103458788738,0.004847487080989619,0.004085303577689364,0.009618755811649213,0.008810841298150943,0.004237740278349416,0.004832243410923614,0.0038718921967652933,0.002652398591484886,0.002987759332936998,0.01493879666468499,0.007682809713266566,0.005182847822441731,0.00496943644151766,0.005472477553695828,0.00940534443072514,0.005289553512903767,0.005365771863233792,0.003932866877029314,0.007332205301748449,0.005487721223761833,0.0032164143839270745,0.005198091492507736,0.007240743281352419,0.002987759332936998,0.00338409475465313,0.005426746543497812,0.00248471822075883,0.010441913995213487,0.0048169997408576085,0.007499885672474505,0.004390176979009466,0.00493894910138565,0.01003033490343135,0.009146202039603054,0.006600509138580205,0.004496882669471502,0.002865809972408957,0.005670645264553894,0.0012347372753464124,0.0021493574793067178,0.0037346991661712475,0.004481638999405497,0.003536531455313181,0.003658480815841222,0.004481638999405497,0.004664563040197558,0.0035975061355772017,0.008079145134982698,0.010548619685675524,0.006021249676072011,0.006402341427722139,0.00832304385603878,0.008551698907028856,0.01353637901861252,0.009481562781055167,0.009710217832045244,0.009603512141583207,0.0067834331793722655,0.004542613679669517,0.010762031066599594,0.001966433438514657,0.005304797182969772,0.0036432371457752167,0.0030639776832670235,0.0030639776832670235,0.006036493346138016,0.0037346991661712475,0.012332129083398119,0.005701132604685904,0.007911464764256642,0.006813920519504276,0.008948034328744988,0.00493894910138565,0.007088306580692367,0.005106629472111705,0.0019207024283166415,0.003231658053993079,0.0023627688602307893,0.00676818950930626,0.004451151659273487,0.005167604152375726,0.003963354217161324,0.006966357220164327,0.004496882669471502,0.005198091492507736,0.003338363744455115,0.0018749714181186263,0.005472477553695828,0.007667566043200561,0.006448072437920153,0.00428347128854743,0.007789515403728602,0.011066904467919697,0.0018139967378546058
16,0.011522143232159835,0.0044556071119435815,0.0068536886467157635,0.0045975054276105745,0.003362990081307735,0.007165864941183148,0.004327898627843287,0.005931349594880309,0.011266726263959246,0.004540746101343777,0.0047110240801441685,0.0038028748598754134,0.00713748527804975,0.00468264441701077,0.002894725639606658,0.004015722333375903,0.005534034311012728,0.006896258141415861,0.010926170306358464,0.005392135995345736,0.006655031004781973,0.005065769869311652,0.006399614036581386,0.005264427511245441,0.0013764136619698324,0.0018588679352376087,0.009734224454755722,0.008414570119052688,0.004554935932910477,0.006243525889347693,0.003916393512409007,0.0036467867126417208,0.0033488002497410354,0.006910447972982561,0.0027386374923729657,0.0031643324393739445,0.008059824329885204,0.004625885090743973,0.008925404055453862,0.004966441048344756,0.008740936245086772,0.0040866714912094,0.004569125764477175,0.009308529507754742,0.004242759638443091,0.005604983468846225,0.006215146226214295,0.006640841173215274,0.004441417280376882,0.00549146481631263,0.00773345820385112,0.011947838179160813,0.009038922707987456,0.008301051466519093,0.0056901224582464206,0.002866345976473259,0.00835781079278589,0.0036184070495083225,0.012955316220396465,0.008982163381720658,0.004228569806876393,0.004923871553644659,0.005534034311012728,0.006910447972982561,0.004256949470009791,0.007832787024818015,0.006243525889347693,0.00529280717437884,0.006456373362848183,0.006172576731514197,0.0056901224582464206,0.006498942857548281,0.007009776793949456,0.0045975054276105745,0.004171810480609595,0.009762604117889121,0.00794630567735161,0.0021284747350048955,0.004654264753877371,0.004611695259177273,0.001362223830403133,0.003746115533608616,0.01159309238999333,0.010088970243923205,0.006016488584280505,0.005817830942346714,0.0041292409859094974,0.008088203993018604,0.005519844479446029,0.004441417280376882,0.003973152838675805,0.0069672072992493575,0.004498176606643679,0.003561647723241525,0.005959729258013707,0.006669220836348673,0.0026534985029727696,0.0026818781661061683,0.004413037617243484,0.003221091765640742,0.013083024704496758,0.00672598016261547,0.007846976856384715,0.0032069019340740424,0.00468264441701077,0.007180054772749848,0.008215912477118897,0.0065273225206816795,0.005250237679678743,0.003604217217941623,0.007165864941183148,0.0011919458516027415,0.001688589956437217,0.003916393512409007,0.0032636612603408398,0.003930583343975707,0.004100861322776098,0.005789451279213316,0.006016488584280505,0.0039022036808423082,0.0078044073616846165,0.010642373675024477,0.006300285215614491,0.005917159763313609,0.0081449633192854,0.008570658266286378,0.01304045520979666,0.009606515970655429,0.010642373675024477,0.006953017467682659,0.007023966625516155,0.005136719027145148,0.011295105927092645,0.0020433357456047,0.004029912164942602,0.0033913697444411333,0.0030224341237069514,0.003788685028308714,0.007052346288649554,0.004810352901111064,0.015353397755168646,0.003689356207341819,0.00878350573978687,0.008584848097853079,0.007676698877584323,0.0053637563322123365,0.008301051466519093,0.004895491890511259,0.002156854398138294,0.0032636612603408398,0.003277851091907539,0.007548990393484029,0.005306997005945539,0.007520610730350631,0.006186766563080896,0.007790217530117918,0.005661742795113022,0.006740169994182169,0.0031075731131071475,0.001873057766804308,0.0068536886467157635,0.006498942857548281,0.006867878478282463,0.004398847785676784,0.00837200062435259,0.010145729570190002,0.0022278035559717907
17,0.010445882378922727,0.005498995163534374,0.005995892316865793,0.005498995163534374,0.0029372142841368343,0.0062056933371612815,0.004726044036129944,0.005035224487091716,0.011472803162474328,0.004438947903094013,0.005300236302201807,0.003776418365318787,0.00642653651641969,0.004527285174797376,0.004924802897462512,0.004251231200724365,0.005123561758795079,0.0046045802875378196,0.01104215896292043,0.004913760738499592,0.006194651178198361,0.005112519599832159,0.00665842185464102,0.004008303703540116,0.0012698482807358496,0.0015569444137717807,0.008756432057595902,0.009971069543517149,0.005057308805017557,0.005940681522051191,0.0034782800733199355,0.003389942801616572,0.0033789006426536514,0.006967602305602791,0.0020648837260661204,0.002882003489322232,0.006768843444270224,0.004052472339391798,0.009153949780261036,0.0040635144983547184,0.0071884454848612,0.003997261544577196,0.00436165279035357,0.008071818201894834,0.003467237914357015,0.004118725293169321,0.005874428568273669,0.006084229588569157,0.004516243015834456,0.005587332435237738,0.006492789470197213,0.008668094785892538,0.008579757514189174,0.007265740597601643,0.004284357677613127,0.0019102935005852345,0.007917227976413949,0.003743291888430026,0.012698482807358495,0.006194651178198361,0.0031690996223581636,0.004449990062056933,0.007585963207526336,0.007287824915527484,0.005289194143238886,0.007740553433007222,0.004770212671981626,0.004946887215388353,0.0053775314149422495,0.004968971533314194,0.005002098010202955,0.005830259932421987,0.004218104723835605,0.004571453810649058,0.004913760738499592,0.010081491133146353,0.007652216161303858,0.0024734436076941763,0.006084229588569157,0.002904087807248073,0.000949625670811157,0.0042070625648726835,0.011671562023806894,0.006824054239084826,0.006912391510788189,0.008005565248117312,0.003942050749762594,0.010578388286477771,0.005764006978644464,0.004096640975243479,0.005024182328128796,0.008347872175967845,0.005830259932421987,0.004096640975243479,0.004350610631390649,0.005775049137607385,0.0038095448422075483,0.003279521211987368,0.004416863585168172,0.004438947903094013,0.011097369757735032,0.005057308805017557,0.007928270135376869,0.004913760738499592,0.004659791082352422,0.008082860360857754,0.009308540005741923,0.009352708641593604,0.006084229588569157,0.003489322232282856,0.005686711865904022,0.0017225767982155871,0.001976546454362757,0.0034782800733199355,0.002363022018064972,0.004461032221019854,0.00463770676442658,0.0032463947350986067,0.009485214549148649,0.005245025507387205,0.00927541352885316,0.009816479318036262,0.00746449945893421,0.006382367880568009,0.008414125129745367,0.010114617610035114,0.013062874053134868,0.008745389898632982,0.008601841832115015,0.007144276849009519,0.007994523089154392,0.005487953004571454,0.01180406793136194,0.0031249309865064817,0.005752964819681544,0.0035114065502086966,0.004681875400278262,0.0031138888275435614,0.00692343366975111,0.006514873788123054,0.011218833506327157,0.004085598816280559,0.007994523089154392,0.008833727170336344,0.009573551820852013,0.005929639363088271,0.007895143658488108,0.004737086195092864,0.0030145093968772774,0.0035887016629491397,0.0056756697069411015,0.009982111702480069,0.007387204346193768,0.006238819814050043,0.00565358538901526,0.0074755416178971315,0.006128398224420839,0.007133234690046598,0.006757801285307303,0.002385106335990813,0.007078023895231995,0.007000728782491553,0.006813012080121905,0.005620458912126499,0.009076654667520594,0.010412755902033966,0.0015679865727347012
18,0.011344404773603241,0.0059506261805714784,0.006420125126928494,0.005350104272440412,0.0031445510825772217,0.006354613646041469,0.005361022852588249,0.004957035387118259,0.009924989354384356,0.0045202921812047565,0.002696889296515881,0.004476617860613406,0.007708517584373328,0.005535720134953651,0.004269164837804492,0.004957035387118259,0.0060488934019020165,0.00517540699007501,0.010394488300741371,0.004804175265048533,0.004858768165787721,0.0066275781497374085,0.008374550973391421,0.004826012425344208,0.0014521711596623976,0.001670542762619149,0.008669352637383035,0.007992400668217105,0.0025221920141504798,0.004826012425344208,0.0036140500289342375,0.003581294288490725,0.003111795342133709,0.007643006103486303,0.0025331105942983175,0.0027405636171072313,0.008134342210138994,0.004869686745935559,0.009444571827879503,0.004509373601056918,0.009870396453645168,0.004345594898839355,0.00544837149377095,0.009553757629357878,0.004858768165787721,0.004553047921648269,0.006300020745302281,0.007784947645408191,0.004935198226822584,0.006540229508554708,0.007905052027034405,0.01166104359789053,0.01202135674276917,0.008363632393243583,0.005066221188596635,0.0025003548538548048,0.009007828621966,0.0038979331127780145,0.012709227292082938,0.007424634500529551,0.003777828731151801,0.004553047921648269,0.004334676318691518,0.00652931092840687,0.005579394455545001,0.006343695065893632,0.006267265004858768,0.005437452913623113,0.005797766058501752,0.004389269219430705,0.0057104174173190515,0.0068131940122506465,0.00513173266948366,0.004793256684900695,0.005568475875397163,0.009979582255123545,0.0077194361645211654,0.0027296450369593936,0.005994300501162828,0.0031227139222815463,0.0012447181368534835,0.0049024424863790715,0.011901252361142957,0.0054046971731796,0.005011628287857447,0.005590313035692839,0.004509373601056918,0.007992400668217105,0.0063873693864849816,0.004804175265048533,0.004640396562830969,0.0059506261805714784,0.0044220249598742175,0.003111795342133709,0.0050443840283009595,0.0066712524703287585,0.003930688853221527,0.0035485385480472117,0.005775928898206078,0.003755991570856126,0.008527411095461146,0.0037450729907082883,0.007370041599790363,0.004891523906231233,0.004629477982683132,0.007151669996833612,0.007752191904964678,0.007577494622599277,0.006704008210772271,0.00292617947962047,0.006300020745302281,0.002238308930306703,0.002598622075185343,0.005164488409927173,0.004356513478987192,0.004847849585639883,0.004301920578248005,0.004563966501796106,0.0054920458143623,0.0038870145326301768,0.01125705613242054,0.012075949643508358,0.006114404882789042,0.008221690851321694,0.008669352637383035,0.008582003996200334,0.014729164619432888,0.011824822300108093,0.011224300391977027,0.007894133446886567,0.007664843263781978,0.006376450806337144,0.01706574077107013,0.002849749418585607,0.005928789020275803,0.004443862120169893,0.004815093845196371,0.0022273903501588655,0.004596722242239619,0.003417515586273161,0.008374550973391421,0.0035048642274558618,0.0052845927915533865,0.008680271217530872,0.009630187690392741,0.007195344317424962,0.007501064561564414,0.0055248015548058135,0.002009018747202114,0.00324281830390776,0.004225490517213141,0.005535720134953651,0.005590313035692839,0.003319248364942623,0.0033847598458296483,0.00869118979767871,0.0034284341664209987,0.005066221188596635,0.003035365281098846,0.002937098059768308,0.005939707600423641,0.00882221275945276,0.006867786912989835,0.006365532226189306,0.007424634500529551,0.010012337995567057,0.002085448808236977
19,0.011586540836997875,0.005336232027274075,0.008337862542615742,0.004656850634912792,0.0039651168535994865,0.008239043430999555,0.007016156924749247,0.005212708137753841,0.009918968328474727,0.005867384752211078,0.0024828301793566876,0.0049903651366174214,0.0075473096496862496,0.006386185088196057,0.003891002519887346,0.005076831859281585,0.0052003557488018185,0.006040318197539404,0.011351845446909432,0.0039033549088393696,0.004953307969761352,0.006225604031819754,0.007695538317110529,0.004706260190720886,0.001766391620139335,0.001926972676515638,0.005879737141163101,0.009387815603537724,0.0018528583428034982,0.003804535797223183,0.004125697909975789,0.003582192796086763,0.00405158357626365,0.009214882158209398,0.00353278324027867,0.00334749740599832,0.007250852314837689,0.004039231187311626,0.011771826671278225,0.005039774692425515,0.009993082662186866,0.004743317357576955,0.005052127081377538,0.009943673106378774,0.004706260190720886,0.005225060526705865,0.0077325954839665995,0.007621423983398389,0.006250308809723801,0.008053757596719205,0.008708434211176442,0.01387173279312219,0.011487721725381688,0.009128415435545234,0.004780374524433025,0.0027916399031572706,0.009326053658777608,0.0049903651366174214,0.012858836899056278,0.006966747368941153,0.002952220959533574,0.0038662977419832998,0.0033104402391422503,0.006200899253915707,0.0039651168535994865,0.005904441919067148,0.007399080982261969,0.006373832699244034,0.007164385592173526,0.005274470082513958,0.006904985424181036,0.0060032610306833345,0.004805079302337072,0.004978012747665399,0.005793270418498937,0.01082069272197243,0.006250308809723801,0.0034339641286624833,0.005126241415089678,0.0032116211275260635,0.0013217056178664954,0.004496269578536489,0.013637037403033746,0.004780374524433025,0.003977469242551509,0.004533326745392559,0.004768022135481002,0.008844310489648698,0.006089727753347498,0.004100993132071742,0.0035204308513266465,0.0045827363012006525,0.003940412075695439,0.0040639359652156724,0.004928603191857305,0.007856119373486832,0.00356984040713474,0.0031992687385740404,0.005410346360986215,0.00405158357626365,0.00985720638371461,0.003223973516478087,0.006966747368941153,0.004706260190720886,0.004261574188448046,0.006015613419635357,0.008782548544888582,0.005262117693561935,0.005435051138890261,0.00316221157171797,0.00784376698453481,0.0021863728445081277,0.002112258510795988,0.005941499085923218,0.004471564800632442,0.004805079302337072,0.0052991748604180045,0.004335688522160186,0.004385098077968279,0.003075744849053807,0.009758387272098424,0.013513513513513514,0.005249765304609912,0.009684272938386284,0.0081031671525273,0.008609615099560255,0.01401996146054647,0.01033894955284352,0.011327140669005385,0.008140224319383368,0.008140224319383368,0.0072384999258856665,0.014057018627402539,0.0024087158456445475,0.005064479470329562,0.00323632590543011,0.0030510400711497602,0.0020875537328919414,0.0034833736844705767,0.0029769257374376206,0.009721330105242353,0.0036686595187509262,0.005360936805178121,0.008399624487375858,0.011129502445773012,0.00728790948169376,0.005904441919067148,0.004162755076831859,0.002569296902020851,0.003223973516478087,0.002149315677652058,0.005496813083650378,0.005262117693561935,0.00334749740599832,0.0022110776224121744,0.007473195315974109,0.0027916399031572706,0.0030139829042936904,0.002223430011364198,0.002742230347349177,0.005533870250506448,0.009239586936113445,0.008362567320519789,0.0069914521468452,0.007806709817678739,0.011771826671278225,0.002729877958397154
20,0.013580208104114928,0.0062871333815346896,0.009383546571940524,0.005296909873942976,0.004086636697997548,0.00944641790575587,0.008283298230171952,0.006884411052780485,0.010090849077363176,0.0047625035365125275,0.003049259690044324,0.00546980604193518,0.008801986734148564,0.006821539718965138,0.0032535915249442015,0.00642859388261922,0.006350004715350036,0.007230203388764893,0.012872905598692277,0.003567948194020936,0.005344063374304486,0.007025871553865015,0.0083461695639873,0.006019930212819465,0.0020118826820911006,0.002499135519160039,0.005674137876835057,0.007670302725472321,0.0020904718493602844,0.0035365125271132627,0.004039483197636038,0.005171167206312282,0.002892081355505957,0.009855081575555626,0.002624878186790733,0.0034893590267517523,0.0071830498884033825,0.0039294583634591805,0.012307063594354154,0.005296909873942976,0.010515230580616769,0.005642702209927384,0.0055641130426582,0.008786268900694729,0.005281192040489139,0.005171167206312282,0.010578101914432115,0.008503347898525667,0.007921788060733709,0.006381440382257709,0.009572160573386564,0.013847411272830153,0.013501618936845745,0.009037754235956116,0.004998271038320078,0.0023576750180755086,0.008974882902140768,0.006695797051334444,0.011238250919493258,0.006255697714627016,0.004668196535789507,0.0040709188645437116,0.003175002357675018,0.006051365879727139,0.00282921002169061,0.00647574738298073,0.007764609726195341,0.0071830498884033825,0.006302851214988526,0.004306686366351262,0.006774386218603628,0.005626984376473547,0.005076860205589262,0.0038508691961899972,0.0068058218855113015,0.01031089874571689,0.00801609506145673,0.0036151016943824464,0.006585772217157587,0.0025777246864292225,0.0011474018421300809,0.004542453868158813,0.012212756593631134,0.004872528370689384,0.003410769859482569,0.003945176196913018,0.004841092703781711,0.00575272704410424,0.006365722548803873,0.00187042218100657,0.002970670522775141,0.004149508031812895,0.002059036182452611,0.002797774354782937,0.004495300367797303,0.00839332306434881,0.003222155858036528,0.002216214516990978,0.005249756373581466,0.0027663386878752634,0.008188991229448933,0.0033321806922133853,0.006051365879727139,0.004385275533620446,0.0028449278551444467,0.005532677375750527,0.009525007073025055,0.006035648046273301,0.004951117537958568,0.0033636163591210587,0.008534783565433341,0.002436264185344692,0.0020118826820911006,0.005265474207035302,0.005689855710288893,0.005061142372135425,0.0059727767124579546,0.004573889535066486,0.00374084436201314,0.003237873691490365,0.009760774574832605,0.011238250919493258,0.004825374870327874,0.007654584892018484,0.007890352393826036,0.0083461695639873,0.01386312910628399,0.011772657256923705,0.01150545408820848,0.008424758731256483,0.008912011568325422,0.00862909056615636,0.013501618936845745,0.002153343183175631,0.004353839866712773,0.0028134921882367733,0.0032693093583980384,0.002546289019521549,0.004055201031089874,0.002389110684983182,0.00839332306434881,0.002954952689321304,0.006019930212819465,0.008833422401056239,0.01026374524535538,0.0066329257175190975,0.006900128886234321,0.0037094086951054667,0.0020904718493602844,0.0028449278551444467,0.0027820565213291,0.004196661532174405,0.004919681871050894,0.0034422055263902424,0.00273490302096759,0.005595548709565874,0.003285027191851875,0.0035050768602055892,0.002546289019521549,0.0020118826820911006,0.004526736034704977,0.009619314073748074,0.006601490050611424,0.0051397315394046085,0.007261639055672566,0.01285718776523844,0.002562006852975386
21,0.012782091449847887,0.007015392998229124,0.009898742224038505,0.004654225128274985,0.005539663079507788,0.00976252100077192,0.007719202651773146,0.006629432865640467,0.008899786586750216,0.004563410979430595,0.002270353721109749,0.006493211642373882,0.00939926440539436,0.0061526585842074195,0.004313672070108523,0.005812105526040957,0.007696499114562049,0.006742950551695954,0.011374472142759842,0.004495300367797303,0.00560777369114108,0.00560777369114108,0.010557144803160333,0.0069926894610180266,0.0014303228442991418,0.002043318348998774,0.004858556963174863,0.008082459247150706,0.0024292784815874314,0.0032693093583980384,0.004177450846841938,0.004449893293375108,0.0045180039050084,0.012872905598692277,0.002883349225809381,0.0035871588793534035,0.007741906188984244,0.003723380102619988,0.013485901103391908,0.00597103028651864,0.011760432275348499,0.004177450846841938,0.007696499114562049,0.008286791082050583,0.005448848930663397,0.005380738319030105,0.011283657993915452,0.006924578849384734,0.007764609726195341,0.007741906188984244,0.010193888207782772,0.017004949371112018,0.015620033601235072,0.011102029696226673,0.005358034781819007,0.0019752077373654817,0.009444671479816556,0.006811061163329247,0.009285746719338872,0.005267220632974618,0.003973119011942061,0.005448848930663397,0.003609862416564501,0.006379693956318395,0.002134132497843164,0.0047450392771193756,0.007401353130817781,0.004563410979430595,0.007469463742451074,0.0035644553421423056,0.004903964037597058,0.006243472733051809,0.006016437360940835,0.005539663079507788,0.005108295872496935,0.00830949461926168,0.008786268900694729,0.004290968532897425,0.005812105526040957,0.002520092630431821,0.001203287472188167,0.004063933160786451,0.012895609135903374,0.004472596830586205,0.001952504200154384,0.0028606456885982836,0.00469963220269718,0.0046315215910638875,0.006742950551695954,0.001861690051309994,0.0025427961676429186,0.0045180039050084,0.0016119511419879218,0.0029514598374426734,0.0054715524678744945,0.007492167279662171,0.002520092630431821,0.002520092630431821,0.0038368977886754758,0.0023838714071652365,0.005085592335285837,0.0034963447305090133,0.004200154384053035,0.0029968669118648687,0.0025654997048540165,0.003927711937519866,0.009603596240294238,0.004359079144530718,0.003541751804931208,0.004654225128274985,0.007492167279662171,0.0021568360350542617,0.002701720928120601,0.0034509376560868184,0.00524451709576352,0.007923534486673024,0.007991645098306317,0.004132043772419743,0.0030422739862870636,0.002179539572265359,0.00858193706579485,0.011056622621804476,0.00515370294691913,0.0068337647005403445,0.008354901693683876,0.006947282386595832,0.015483812377968488,0.013849157698769468,0.011624211052081914,0.009172229033283385,0.007651092040139854,0.009467375017027654,0.014484856740680199,0.0018389865140988966,0.004404486218952913,0.002633610316487309,0.005766698451618762,0.0019298006629432866,0.005199110021341325,0.0017254688280434092,0.008513826454161558,0.0031784952095536487,0.005176406484130228,0.007741906188984244,0.011260954456704355,0.005880216137674249,0.0068337647005403445,0.003950415474730963,0.001952504200154384,0.002928756300231576,0.0027925350769649913,0.004767742814330473,0.003791490714253281,0.003473641193297916,0.0025427961676429186,0.006266176270262907,0.002747128002542796,0.0029060527630204785,0.0029060527630204785,0.0017935794396767017,0.004472596830586205,0.011737728738137401,0.007265131907551197,0.004994778186441447,0.006561322254007174,0.01527948054306861,0.0022930572583208463
22,0.014273230410719488,0.005693403596112597,0.009056483859862829,0.003945661096840823,0.006540793898789821,0.01265789264624103,0.0052167465508566584,0.006726160527500464,0.011651616661811826,0.005375632232608638,0.0034425231046262216,0.008394460185896247,0.00865926965548288,0.006673198633583137,0.004687127611683394,0.0061965415883271984,0.006593755792707147,0.008023726928474962,0.015253025448190027,0.004475280036014088,0.0055080369674019546,0.0074146651484257075,0.014114344728967507,0.009586102799036093,0.0011651616661811825,0.0029923470063289463,0.004475280036014088,0.009427217117284115,0.0022508804914863757,0.0032306755289569153,0.0042899134073034455,0.005057860869104679,0.004951937081270026,0.01567672059952864,0.0026480946958663243,0.004316394354262109,0.006752641474459127,0.004104546778592803,0.015411911129942007,0.007970765034557636,0.012869740221910335,0.005190265603897995,0.007255779466673728,0.010645340677382624,0.003945661096840823,0.0061965415883271984,0.013293435373248947,0.006567274845748484,0.007732436511929667,0.008950560072028177,0.013161030638455631,0.02195270502873183,0.014140825675926172,0.013876016206339539,0.006646717686624473,0.00195959007494108,0.012260678441861081,0.006646717686624473,0.007864841246722983,0.006858565262293779,0.0025421709080316714,0.0032306755289569153,0.004872494240394036,0.00564044170219527,0.0013770092418504886,0.003389561210708895,0.008367979238937584,0.003945661096840823,0.00407806583163414,0.003310118369832905,0.002330323332362365,0.0038397373090061702,0.004581203823848741,0.0026216137489076608,0.0050048989751873526,0.0071763366257977385,0.009453698064242778,0.004501760982972751,0.005163784656939332,0.002515689961073008,0.0007944284087598973,0.0029129041654529565,0.013876016206339539,0.008950560072028177,0.0023568042793210287,0.0045282419299314145,0.003601408786378201,0.0052167465508566584,0.004131027725551466,0.0015094139766438047,0.004713608558642057,0.0042899134073034455,0.0017212615523131108,0.003310118369832905,0.007255779466673728,0.0071763366257977385,0.0012446045070571724,0.0038662182559648334,0.004104546778592803,0.0022508804914863757,0.0052432274978153216,0.004793051399518047,0.004157508672510129,0.0035749278394195377,0.0024892090141143447,0.004713608558642057,0.007811879352805656,0.004501760982972751,0.0034425231046262216,0.0038132563620475067,0.007494107989301698,0.0010062759844292031,0.0014829330296851416,0.0032306755289569153,0.004607684770807404,0.009930355109498716,0.00791780314064031,0.003416042157667558,0.0025951328019489977,0.0014034901888091518,0.006381908217037841,0.010327569313878664,0.0037867754150888435,0.006487832004872495,0.010089240791250694,0.0054550750734846274,0.016073934803908587,0.014432116092471466,0.008209093557185606,0.010301088366920001,0.0057198845430712604,0.006673198633583137,0.013425840108042264,0.00195959007494108,0.004342875301220772,0.0025951328019489977,0.003521965945502211,0.0016947806053544475,0.004131027725551466,0.0023568042793210287,0.006328946323120515,0.003601408786378201,0.005613960755236607,0.006911527156211106,0.0076529936710536765,0.0033365993167915687,0.004501760982972751,0.003283637422874242,0.001535894923602468,0.004422318142096761,0.002065513862775733,0.0034425231046262216,0.0037338135211715173,0.0038397373090061702,0.002303842385403702,0.00791780314064031,0.0031247517411222623,0.003283637422874242,0.0024892090141143447,0.0007944284087598973,0.0038132563620475067,0.00865926965548288,0.00815613166326828,0.004793051399518047,0.0037338135211715173,0.01331991632020761,0.0030982707941635992
23,0.017070631970260222,0.007970260223048328,0.011598513011152417,0.0026765799256505576,0.009814126394052044,0.0139182156133829,0.005918215613382899,0.00675092936802974,0.01121189591078067,0.009665427509293681,0.003955390334572491,0.010527881040892193,0.008981412639405205,0.006096654275092937,0.004163568773234201,0.005620817843866171,0.006275092936802974,0.007643122676579925,0.017397769516728626,0.0035390334572490707,0.0050260223048327135,0.008386617100371746,0.013323420074349442,0.006810408921933086,0.001724907063197026,0.005115241635687732,0.0048178438661710035,0.010527881040892193,0.0016059479553903345,0.0033308550185873606,0.003628252788104089,0.005115241635687732,0.004044609665427509,0.018230483271375466,0.0030631970260223047,0.004133828996282528,0.007405204460966543,0.006037174721189591,0.017189591078066915,0.008,0.010379182156133829,0.00695910780669145,0.006780669144981413,0.008267657992565056,0.0031821561338289963,0.004342007434944238,0.011687732342007436,0.005947955390334572,0.010557620817843866,0.008981412639405205,0.017100371747211896,0.018795539033457247,0.012669144981412639,0.01475092936802974,0.007137546468401487,0.0012490706319702603,0.012817843866171004,0.008118959107806691,0.006661710037174721,0.004996282527881041,0.002111524163568773,0.006245353159851301,0.0044609665427509295,0.004312267657992565,0.001516728624535316,0.0022602230483271374,0.0059776951672862455,0.002617100371747212,0.0026765799256505576,0.0018438661710037175,0.0008029739776951672,0.0020817843866171005,0.0024684014869888475,0.0029442379182156135,0.0038066914498141266,0.004966542750929368,0.006513011152416357,0.004371747211895911,0.005263940520446097,0.0010111524163568773,0.0016059479553903345,0.001724907063197026,0.019033457249070632,0.012817843866171004,0.0021412639405204463,0.004014869888475836,0.006096654275092937,0.006929368029739777,0.004193308550185873,0.0022007434944237916,0.004371747211895911,0.004550185873605948,0.005263940520446097,0.0033605947955390333,0.007613382899628253,0.0048178438661710035,0.0016654275092936803,0.004223048327137546,0.0027955390334572492,0.0028847583643122677,0.005620817843866171,0.006394052044609666,0.010468401486988847,0.007970260223048328,0.004966542750929368,0.006780669144981413,0.007821561338289963,0.003955390334572491,0.0023197026022304832,0.0018438661710037175,0.004758364312267658,0.0004758364312267658,0.001486988847583643,0.0018438661710037175,0.006007434944237919,0.010617100371747212,0.010498141263940521,0.0028847583643122677,0.0016654275092936803,0.0014572490706319702,0.005412639405204461,0.006066914498141264,0.005382899628252788,0.006810408921933086,0.008178438661710037,0.0055910780669144984,0.013858736059479553,0.009189591078066914,0.0061561338289962825,0.010081784386617101,0.005055762081784387,0.0035687732342007433,0.010379182156133829,0.0009814126394052044,0.002557620817843866,0.0020520446096654273,0.0021412639405204463,0.001486988847583643,0.0030037174721189593,0.002171003717472119,0.005710037174721189,0.004907063197026022,0.007018587360594796,0.011687732342007436,0.00933828996282528,0.003241635687732342,0.0026765799256505576,0.0037174721189591076,0.0010706319702602231,0.0030631970260223047,0.0031226765799256505,0.004044609665427509,0.0022602230483271374,0.00508550185873606,0.0016951672862453532,0.003509293680297398,0.0035390334572490707,0.004371747211895911,0.003241635687732342,0.0015762081784386618,0.005442379182156134,0.013353159851301115,0.0046394052044609665,0.004163568773234201,0.003479553903345725,0.010111524163568773,0.0037174721189591076
