Step,AgentID,Duration,Distance
1,170,0.0,0.0
1,171,0.0,0.0
1,172,0.0,0.0
1,173,0.0,0.0
1,174,0.0,0.0
2,170,900.0,4259.4
2,171,1597.3,7986.7
2,172,795.8,3903.2
2,173,185.6,869.8
2,174,644.5,3211.0
2,175,0.0,0.0
2,176,0.0,0.0
2,177,0.0,0.0
3,170,900.0,4259.4
3,171,1597.3,7986.7
3,172,795.8,3903.2
3,173,185.6,869.8
3,174,644.5,3211.0
3,175,489.3,2262.5
3,176,884.6,4083.6
3,177,805.4,3940.1
3,178,0.0,0.0
3,179,0.0,0.0
3,180,0.0,0.0
3,181,0.0,0.0
4,170,900.0,4259.4
4,171,1597.3,7986.7
4,172,795.8,3903.2
4,173,185.6,869.8
4,174,644.5,3211.0
4,175,489.3,2262.5
4,176,884.6,4083.6
4,177,805.4,3940.1
4,178,426.3,1980.4
4,179,837.3,3754.9
4,180,560.7,2375.4
4,181,899.3,4496.8
4,182,0.0,0.0
4,183,0.0,0.0
4,184,0.0,0.0
4,185,0.0,0.0
5,170,900.0,4259.4
5,171,1597.3,7986.7
5,172,795.8,3903.2
5,173,185.6,869.8
5,174,644.5,3211.0
5,175,489.3,2262.5
5,176,884.6,4083.6
5,177,805.4,3940.1
5,178,426.3,1980.4
5,179,837.3,3754.9
5,180,560.7,2375.4
5,181,899.3,4496.8
5,182,727.8,3562.6
5,183,752.0,3673.6
5,184,312.6,1359.9
5,185,526.4,2632.3
5,186,0.0,0.0
5,187,0.0,0.0
5,188,0.0,0.0
6,170,900.0,4259.4
6,171,1597.3,7986.7
6,172,795.8,3903.2
6,174,644.5,3211.0
6,175,489.3,2262.5
6,176,884.6,4083.6
6,177,805.4,3940.1
6,178,426.3,1980.4
6,179,837.3,3754.9
6,180,560.7,2375.4
6,181,899.3,4496.8
6,182,727.8,3562.6
6,183,752.0,3673.6
6,184,312.6,1359.9
6,185,526.4,2632.3
6,186,1008.4,5021.5
6,187,852.0,4260.0
6,188,1081.8,5322.5
6,189,0.0,0.0
6,190,0.0,0.0
6,191,0.0,0.0
6,192,0.0,0.0
6,193,0.0,0.0
7,170,900.0,4259.4
7,171,1597.3,7986.7
7,172,795.8,3903.2
7,174,644.5,3211.0
7,175,489.3,2262.5
7,176,884.6,4083.6
7,177,805.4,3940.1
7,178,426.3,1980.4
7,179,837.3,3754.9
7,180,560.7,2375.4
7,181,899.3,4496.8
7,182,727.8,3562.6
7,183,752.0,3673.6
7,184,312.6,1359.9
7,185,526.4,2632.3
7,186,1008.4,5021.5
7,187,852.0,4260.0
7,188,1081.8,5322.5
7,189,916.4,4575.6
7,190,189.3,770.0
7,191,1078.1,5303.6
7,192,861.5,4285.0
7,193,909.9,4526.4
7,194,0.0,0.0
7,195,0.0,0.0
8,170,900.0,4259.4
8,171,1597.3,7986.7
8,172,795.8,3903.2
8,174,644.5,3211.0
8,175,489.3,2262.5
8,176,884.6,4083.6
8,177,805.4,3940.1
8,178,426.3,1980.4
8,179,837.3,3754.9
8,180,560.7,2375.4
8,181,899.3,4496.8
8,182,727.8,3562.6
8,183,752.0,3673.6
8,184,312.6,1359.9
8,185,526.4,2632.3
8,186,1008.4,5021.5
8,187,852.0,4260.0
8,188,1081.8,5322.5
8,189,916.4,4575.6
8,190,189.3,770.0
8,191,1078.1,5303.6
8,192,861.5,4285.0
8,193,909.9,4526.4
8,194,783.4,3896.2
8,195,300.4,1502.0
8,196,0.0,0.0
8,197,0.0,0.0
8,198,0.0,0.0
8,199,0.0,0.0
9,170,900.0,4259.4
9,171,1597.3,7986.7
9,172,795.8,3903.2
9,174,644.5,3211.0
9,175,489.3,2262.5
9,176,884.6,4083.6
9,177,805.4,3940.1
9,178,426.3,1980.4
9,179,837.3,3754.9
9,180,560.7,2375.4
9,181,899.3,4496.8
9,182,727.8,3562.6
9,183,752.0,3673.6
9,184,312.6,1359.9
9,185,526.4,2632.3
9,186,1008.4,5021.5
9,187,852.0,4260.0
9,188,1081.8,5322.5
9,189,916.4,4575.6
9,190,189.3,770.0
9,191,1078.1,5303.6
9,192,861.5,4285.0
9,193,909.9,4526.4
9,194,783.4,3896.2
9,195,300.4,1502.0
9,196,632.8,3007.9
9,197,977.3,4012.8
9,198,579.9,2684.6
9,199,519.5,1941.3
9,200,0.0,0.0
9,201,0.0,0.0
9,202,0.0,0.0
9,203,0.0,0.0
9,204,0.0,0.0
10,170,900.0,4259.4
10,171,1597.3,7986.7
10,172,795.8,3903.2
10,174,644.5,3211.0
10,175,489.3,2262.5
10,176,884.6,4083.6
10,177,805.4,3940.1
10,179,837.3,3754.9
10,180,560.7,2375.4
10,181,899.3,4496.8
10,182,727.8,3562.6
10,183,752.0,3673.6
10,185,526.4,2632.3
10,186,1008.4,5021.5
10,187,852.0,4260.0
10,188,1081.8,5322.5
10,189,916.4,4575.6
10,191,1078.1,5303.6
10,192,861.5,4285.0
10,193,909.9,4526.4
10,194,783.4,3896.2
10,195,300.4,1502.0
10,196,632.8,3007.9
10,197,977.3,4012.8
10,198,579.9,2684.6
10,199,519.5,1941.3
10,200,477.9,2369.3
10,201,609.5,2911.1
10,202,222.5,1112.4
10,203,201.5,915.8
10,204,633.2,2507.4
10,205,0.0,0.0
10,206,0.0,0.0
10,207,0.0,0.0
11,170,900.0,4259.4
11,171,1597.3,7986.7
11,172,795.8,3903.2
11,174,644.5,3211.0
11,176,884.6,4083.6
11,177,805.4,3940.1
11,179,837.3,3754.9
11,180,560.7,2375.4
11,181,899.3,4496.8
11,182,727.8,3562.6
11,183,752.0,3673.6
11,185,526.4,2632.3
11,186,1008.4,5021.5
11,187,852.0,4260.0
11,188,1081.8,5322.5
11,189,916.4,4575.6
11,191,1078.1,5303.6
11,192,861.5,4285.0
11,193,909.9,4526.4
11,194,783.4,3896.2
11,195,300.4,1502.0
11,196,632.8,3007.9
11,197,977.3,4012.8
11,198,579.9,2684.6
11,199,519.5,1941.3
11,200,477.9,2369.3
11,201,609.5,2911.1
11,202,222.5,1112.4
11,203,201.5,915.8
11,204,633.2,2507.4
11,205,426.6,2133.2
11,206,572.5,2862.5
11,207,451.7,2214.0
11,208,0.0,0.0
11,209,0.0,0.0
11,210,0.0,0.0
12,170,900.0,4259.4
12,171,1597.3,7986.7
12,172,795.8,3903.2
12,176,884.6,4083.6
12,177,805.4,3940.1
12,179,837.3,3754.9
12,181,899.3,4496.8
12,182,727.8,3562.6
12,183,752.0,3673.6
12,185,526.4,2632.3
12,186,1008.4,5021.5
12,187,852.0,4260.0
12,188,1081.8,5322.5
12,189,916.4,4575.6
12,191,1078.1,5303.6
12,192,861.5,4285.0
12,193,909.9,4526.4
12,194,783.4,3896.2
12,195,300.4,1502.0
12,196,632.8,3007.9
12,197,977.3,4012.8
12,198,579.9,2684.6
12,199,519.5,1941.3
12,200,477.9,2369.3
12,201,609.5,2911.1
12,202,222.5,1112.4
12,203,201.5,915.8
12,204,633.2,2507.4
12,205,426.6,2133.2
12,206,572.5,2862.5
12,207,451.7,2214.0
12,208,366.8,1834.2
12,209,546.0,2681.4
12,210,758.8,3776.3
12,211,0.0,0.0
12,212,0.0,0.0
12,213,0.0,0.0
12,214,0.0,0.0
12,215,0.0,0.0
13,170,900.0,4259.4
13,171,1597.3,7986.7
13,172,795.8,3903.2
13,176,884.6,4083.6
13,177,805.4,3940.1
13,179,837.3,3754.9
13,181,899.3,4496.8
13,182,727.8,3562.6
13,183,752.0,3673.6
13,186,1008.4,5021.5
13,187,852.0,4260.0
13,188,1081.8,5322.5
13,189,916.4,4575.6
13,191,1078.1,5303.6
13,192,861.5,4285.0
13,193,909.9,4526.4
13,194,783.4,3896.2
13,195,300.4,1502.0
13,196,632.8,3007.9
13,197,977.3,4012.8
13,198,579.9,2684.6
13,199,519.5,1941.3
13,200,477.9,2369.3
13,201,609.5,2911.1
13,202,222.5,1112.4
13,204,633.2,2507.4
13,205,426.6,2133.2
13,206,572.5,2862.5
13,207,451.7,2214.0
13,208,366.8,1834.2
13,209,546.0,2681.4
13,210,758.8,3776.3
13,211,621.2,3106.1
13,212,653.9,2905.1
13,213,669.5,3347.6
13,214,570.7,2853.7
13,215,642.6,3192.9
13,216,0.0,0.0
13,217,0.0,0.0
13,218,0.0,0.0
14,170,900.0,4259.4
14,171,1597.3,7986.7
14,176,884.6,4083.6
14,177,805.4,3940.1
14,179,837.3,3754.9
14,181,899.3,4496.8
14,182,727.8,3562.6
14,183,752.0,3673.6
14,186,1008.4,5021.5
14,187,852.0,4260.0
14,188,1081.8,5322.5
14,189,916.4,4575.6
14,191,1078.1,5303.6
14,192,861.5,4285.0
14,193,909.9,4526.4
14,194,783.4,3896.2
14,196,632.8,3007.9
14,197,977.3,4012.8
14,198,579.9,2684.6
14,199,519.5,1941.3
14,200,477.9,2369.3
14,201,609.5,2911.1
14,204,633.2,2507.4
14,205,426.6,2133.2
14,206,572.5,2862.5
14,207,451.7,2214.0
14,208,366.8,1834.2
14,209,546.0,2681.4
14,210,758.8,3776.3
14,211,621.2,3106.1
14,212,653.9,2905.1
14,213,669.5,3347.6
14,214,570.7,2853.7
14,215,642.6,3192.9
14,216,717.9,3012.9
14,217,366.1,1830.6
14,218,368.6,1415.0
14,219,0.0,0.0
14,220,0.0,0.0
14,221,0.0,0.0
14,222,0.0,0.0
14,223,0.0,0.0
15,171,1597.3,7986.7
15,176,884.6,4083.6
15,177,805.4,3940.1
15,179,837.3,3754.9
15,181,899.3,4496.8
15,182,727.8,3562.6
15,183,752.0,3673.6
15,186,1008.4,5021.5
15,187,852.0,4260.0
15,188,1081.8,5322.5
15,189,916.4,4575.6
15,191,1078.1,5303.6
15,192,861.5,4285.0
15,193,909.9,4526.4
15,194,783.4,3896.2
15,196,632.8,3007.9
15,197,977.3,4012.8
15,198,579.9,2684.6
15,199,519.5,1941.3
15,200,477.9,2369.3
15,201,609.5,2911.1
15,204,633.2,2507.4
15,205,426.6,2133.2
15,206,572.5,2862.5
15,207,451.7,2214.0
15,208,366.8,1834.2
15,209,546.0,2681.4
15,210,758.8,3776.3
15,211,621.2,3106.1
15,212,653.9,2905.1
15,213,669.5,3347.6
15,214,570.7,2853.7
15,215,642.6,3192.9
15,216,717.9,3012.9
15,217,366.1,1830.6
15,218,368.6,1415.0
15,219,746.3,3674.8
15,220,681.6,3379.9
15,221,177.0,795.1
15,222,436.7,2074.8
15,223,722.1,3172.3
15,224,0.0,0.0
15,225,0.0,0.0
15,226,0.0,0.0
15,227,0.0,0.0
16,171,1597.3,7986.7
16,181,899.3,4496.8
16,182,727.8,3562.6
16,183,752.0,3673.6
16,186,1008.4,5021.5
16,187,852.0,4260.0
16,188,1081.8,5322.5
16,189,916.4,4575.6
16,191,1078.1,5303.6
16,192,861.5,4285.0
16,193,909.9,4526.4
16,194,783.4,3896.2
16,196,632.8,3007.9
16,197,977.3,4012.8
16,198,579.9,2684.6
16,200,477.9,2369.3
16,201,609.5,2911.1
16,204,633.2,2507.4
16,205,426.6,2133.2
16,206,572.5,2862.5
16,207,451.7,2214.0
16,208,366.8,1834.2
16,209,546.0,2681.4
16,210,758.8,3776.3
16,211,621.2,3106.1
16,212,653.9,2905.1
16,213,669.5,3347.6
16,214,570.7,2853.7
16,215,642.6,3192.9
16,216,717.9,3012.9
16,217,366.1,1830.6
16,218,368.6,1415.0
16,219,746.3,3674.8
16,220,681.6,3379.9
16,221,177.0,795.1
16,222,436.7,2074.8
16,223,722.1,3172.3
16,224,1066.0,5330.0
16,225,620.3,3013.3
16,226,605.6,2941.5
16,227,523.2,2616.3
16,228,0.0,0.0
16,229,0.0,0.0
16,230,0.0,0.0
16,231,0.0,0.0
17,171,1597.3,7986.7
17,186,1008.4,5021.5
17,187,852.0,4260.0
17,188,1081.8,5322.5
17,189,916.4,4575.6
17,191,1078.1,5303.6
17,192,861.5,4285.0
17,193,909.9,4526.4
17,194,783.4,3896.2
17,196,632.8,3007.9
17,197,977.3,4012.8
17,198,579.9,2684.6
17,201,609.5,2911.1
17,204,633.2,2507.4
17,205,426.6,2133.2
17,206,572.5,2862.5
17,207,451.7,2214.0
17,208,366.8,1834.2
17,209,546.0,2681.4
17,210,758.8,3776.3
17,211,621.2,3106.1
17,212,653.9,2905.1
17,213,669.5,3347.6
17,214,570.7,2853.7
17,215,642.6,3192.9
17,216,717.9,3012.9
17,217,366.1,1830.6
17,218,368.6,1415.0
17,219,746.3,3674.8
17,220,681.6,3379.9
17,221,177.0,795.1
17,222,436.7,2074.8
17,223,722.1,3172.3
17,224,1066.0,5330.0
17,225,620.3,3013.3
17,226,605.6,2941.5
17,227,523.2,2616.3
17,228,605.7,2421.1
17,229,850.3,4251.6
17,230,779.2,3868.1
17,231,1211.4,5937.0
17,232,0.0,0.0
17,233,0.0,0.0
18,171,1597.3,7986.7
18,186,1008.4,5021.5
18,188,1081.8,5322.5
18,189,916.4,4575.6
18,191,1078.1,5303.6
18,192,861.5,4285.0
18,193,909.9,4526.4
18,194,783.4,3896.2
18,196,632.8,3007.9
18,197,977.3,4012.8
18,201,609.5,2911.1
18,206,572.5,2862.5
18,208,366.8,1834.2
18,209,546.0,2681.4
18,210,758.8,3776.3
18,211,621.2,3106.1
18,212,653.9,2905.1
18,213,669.5,3347.6
18,214,570.7,2853.7
18,215,642.6,3192.9
18,216,717.9,3012.9
18,217,366.1,1830.6
18,218,368.6,1415.0
18,219,746.3,3674.8
18,220,681.6,3379.9
18,222,436.7,2074.8
18,223,722.1,3172.3
18,224,1066.0,5330.0
18,225,620.3,3013.3
18,226,605.6,2941.5
18,227,523.2,2616.3
18,228,605.7,2421.1
18,229,850.3,4251.6
18,230,779.2,3868.1
18,231,1211.4,5937.0
18,232,402.6,2013.3
18,233,992.4,4322.5
18,234,0.0,0.0
18,235,0.0,0.0
18,236,0.0,0.0
18,237,0.0,0.0
18,238,0.0,0.0
19,171,1597.3,7986.7
19,186,1008.4,5021.5
19,188,1081.8,5322.5
19,189,916.4,4575.6
19,191,1078.1,5303.6
19,193,909.9,4526.4
19,194,783.4,3896.2
19,197,977.3,4012.8
19,206,572.5,2862.5
19,209,546.0,2681.4
19,210,758.8,3776.3
19,211,621.2,3106.1
19,212,653.9,2905.1
19,213,669.5,3347.6
19,214,570.7,2853.7
19,215,642.6,3192.9
19,216,717.9,3012.9
19,217,366.1,1830.6
19,218,368.6,1415.0
19,219,746.3,3674.8
19,220,681.6,3379.9
19,222,436.7,2074.8
19,223,722.1,3172.3
19,224,1066.0,5330.0
19,225,620.3,3013.3
19,226,605.6,2941.5
19,227,523.2,2616.3
19,228,605.7,2421.1
19,229,850.3,4251.6
19,230,779.2,3868.1
19,231,1211.4,5937.0
19,232,402.6,2013.3
19,233,992.4,4322.5
19,234,474.0,2310.4
19,235,980.1,4372.4
19,236,700.6,3138.7
19,237,566.8,2415.5
19,238,644.7,3191.2
19,239,0.0,0.0
19,240,0.0,0.0
19,241,0.0,0.0
20,171,1597.3,7986.7
20,186,1008.4,5021.5
20,188,1081.8,5322.5
20,189,916.4,4575.6
20,191,1078.1,5303.6
20,193,909.9,4526.4
20,194,783.4,3896.2
20,197,977.3,4012.8
20,206,572.5,2862.5
20,210,758.8,3776.3
20,211,621.2,3106.1
20,212,653.9,2905.1
20,213,669.5,3347.6
20,214,570.7,2853.7
20,215,642.6,3192.9
20,216,717.9,3012.9
20,219,746.3,3674.8
20,220,681.6,3379.9
20,222,436.7,2074.8
20,223,722.1,3172.3
20,224,1066.0,5330.0
20,225,620.3,3013.3
20,226,605.6,2941.5
20,227,523.2,2616.3
20,228,605.7,2421.1
20,229,850.3,4251.6
20,230,779.2,3868.1
20,231,1211.4,5937.0
20,232,402.6,2013.3
20,233,992.4,4322.5
20,234,474.0,2310.4
20,235,980.1,4372.4
20,236,700.6,3138.7
20,237,566.8,2415.5
20,238,644.7,3191.2
20,239,373.8,1828.8
20,240,245.4,1156.6
20,241,773.9,3536.2
20,242,0.0,0.0
20,243,0.0,0.0
20,244,0.0,0.0
20,245,0.0,0.0
21,171,1597.3,7986.7
21,186,1008.4,5021.5
21,189,916.4,4575.6
21,191,1078.1,5303.6
21,193,909.9,4526.4
21,210,758.8,3776.3
21,211,621.2,3106.1
21,212,653.9,2905.1
21,213,669.5,3347.6
21,214,570.7,2853.7
21,215,642.6,3192.9
21,216,717.9,3012.9
21,219,746.3,3674.8
21,220,681.6,3379.9
21,222,436.7,2074.8
21,223,722.1,3172.3
21,224,1066.0,5330.0
21,225,620.3,3013.3
21,226,605.6,2941.5
21,227,523.2,2616.3
21,228,605.7,2421.1
21,229,850.3,4251.6
21,230,779.2,3868.1
21,231,1211.4,5937.0
21,232,402.6,2013.3
21,233,992.4,4322.5
21,234,474.0,2310.4
21,235,980.1,4372.4
21,236,700.6,3138.7
21,237,566.8,2415.5
21,238,644.7,3191.2
21,239,373.8,1828.8
21,240,245.4,1156.6
21,241,773.9,3536.2
21,242,388.8,1863.4
21,243,413.7,2068.8
21,244,952.8,4764.0
21,245,0.0,0.0
21,246,0.0,0.0
21,247,0.0,0.0
21,248,0.0,0.0
21,249,0.0,0.0
22,171,1597.3,7986.7
22,191,1078.1,5303.6
22,210,758.8,3776.3
22,211,621.2,3106.1
22,212,653.9,2905.1
22,213,669.5,3347.6
22,215,642.6,3192.9
22,216,717.9,3012.9
22,219,746.3,3674.8
22,220,681.6,3379.9
22,223,722.1,3172.3
22,224,1066.0,5330.0
22,225,620.3,3013.3
22,226,605.6,2941.5
22,227,523.2,2616.3
22,228,605.7,2421.1
22,229,850.3,4251.6
22,230,779.2,3868.1
22,231,1211.4,5937.0
22,232,402.6,2013.3
22,233,992.4,4322.5
22,234,474.0,2310.4
22,235,980.1,4372.4
22,236,700.6,3138.7
22,237,566.8,2415.5
22,238,644.7,3191.2
22,239,373.8,1828.8
22,240,245.4,1156.6
22,241,773.9,3536.2
22,242,388.8,1863.4
22,243,413.7,2068.8
22,244,952.8,4764.0
22,246,691.4,3428.8
22,247,889.0,4444.9
22,248,896.8,4408.1
22,249,511.1,2491.0
22,250,0.0,0.0
22,251,0.0,0.0
22,252,0.0,0.0
23,171,1597.3,7986.7
23,210,758.8,3776.3
23,211,621.2,3106.1
23,213,669.5,3347.6
23,219,746.3,3674.8
23,220,681.6,3379.9
23,223,722.1,3172.3
23,224,1066.0,5330.0
23,225,620.3,3013.3
23,226,605.6,2941.5
23,227,523.2,2616.3
23,228,605.7,2421.1
23,229,850.3,4251.6
23,230,779.2,3868.1
23,231,1211.4,5937.0
23,232,402.6,2013.3
23,233,992.4,4322.5
23,234,474.0,2310.4
23,235,980.1,4372.4
23,236,700.6,3138.7
23,237,566.8,2415.5
23,238,644.7,3191.2
23,239,373.8,1828.8
23,240,245.4,1156.6
23,241,773.9,3536.2
23,242,388.8,1863.4
23,243,413.7,2068.8
23,244,952.8,4764.0
23,246,691.4,3428.8
23,247,889.0,4444.9
23,248,896.8,4408.1
23,249,511.1,2491.0
23,250,188.8,778.7
23,251,389.5,1903.6
23,252,690.3,3170.8
23,253,0.0,0.0
23,254,0.0,0.0
23,255,0.0,0.0
23,256,0.0,0.0
23,257,0.0,0.0
24,210,758.8,3776.3
24,219,746.3,3674.8
24,220,681.6,3379.9
24,224,1066.0,5330.0
24,225,620.3,3013.3
24,226,605.6,2941.5
24,227,523.2,2616.3
24,228,605.7,2421.1
24,229,850.3,4251.6
24,230,779.2,3868.1
24,231,1211.4,5937.0
24,232,402.6,2013.3
24,233,992.4,4322.5
24,234,474.0,2310.4
24,235,980.1,4372.4
24,236,700.6,3138.7
24,237,566.8,2415.5
24,238,644.7,3191.2
24,239,373.8,1828.8
24,240,245.4,1156.6
24,241,773.9,3536.2
24,242,388.8,1863.4
24,243,413.7,2068.8
24,244,952.8,4764.0
24,246,691.4,3428.8
24,247,889.0,4444.9
24,248,896.8,4408.1
24,249,511.1,2491.0
24,250,188.8,778.7
24,251,389.5,1903.6
24,252,690.3,3170.8
24,253,755.4,3013.7
24,254,408.5,1889.7
24,255,394.8,1962.5
24,256,334.1,1670.8
24,257,462.0,2309.9
24,258,0.0,0.0
24,259,0.0,0.0
24,260,0.0,0.0
24,261,0.0,0.0
24,262,0.0,0.0
25,219,746.3,3674.8
25,224,1066.0,5330.0
25,226,605.6,2941.5
25,229,850.3,4251.6
25,230,779.2,3868.1
25,231,1211.4,5937.0
25,233,992.4,4322.5
25,234,474.0,2310.4
25,235,980.1,4372.4
25,236,700.6,3138.7
25,237,566.8,2415.5
25,238,644.7,3191.2
25,239,373.8,1828.8
25,241,773.9,3536.2
25,242,388.8,1863.4
25,243,413.7,2068.8
25,244,952.8,4764.0
25,246,691.4,3428.8
25,247,889.0,4444.9
25,248,896.8,4408.1
25,249,511.1,2491.0
25,250,188.8,778.7
25,251,389.5,1903.6
25,252,690.3,3170.8
25,253,755.4,3013.7
25,254,408.5,1889.7
25,255,394.8,1962.5
25,256,334.1,1670.8
25,257,462.0,2309.9
25,258,781.9,3796.7
25,259,486.1,2089.7
25,260,741.6,3677.5
25,261,409.5,2047.5
25,262,824.3,3695.4
25,263,0.0,0.0
25,264,0.0,0.0
25,265,0.0,0.0
25,266,0.0,0.0
25,267,0.0,0.0
26,224,1066.0,5330.0
26,229,850.3,4251.6
26,230,779.2,3868.1
26,231,1211.4,5937.0
26,233,992.4,4322.5
26,235,980.1,4372.4
26,236,700.6,3138.7
26,238,644.7,3191.2
26,241,773.9,3536.2
26,243,413.7,2068.8
26,244,952.8,4764.0
26,246,691.4,3428.8
26,247,889.0,4444.9
26,248,896.8,4408.1
26,249,511.1,2491.0
26,251,389.5,1903.6
26,252,690.3,3170.8
26,253,755.4,3013.7
26,254,408.5,1889.7
26,255,394.8,1962.5
26,256,334.1,1670.8
26,257,462.0,2309.9
26,258,781.9,3796.7
26,259,486.1,2089.7
26,260,741.6,3677.5
26,261,409.5,2047.5
26,262,824.3,3695.4
26,263,598.2,2730.1
26,264,0.0,0.0
26,265,0.0,0.0
26,266,461.2,2306.0
26,267,573.4,2862.2
26,268,0.0,0.0
26,269,0.0,0.0
26,270,0.0,0.0
26,271,0.0,0.0
27,224,1066.0,5330.0
27,229,850.3,4251.6
27,230,779.2,3868.1
27,231,1211.4,5937.0
27,233,992.4,4322.5
27,235,980.1,4372.4
27,236,700.6,3138.7
27,238,644.7,3191.2
27,241,773.9,3536.2
27,244,952.8,4764.0
27,246,691.4,3428.8
27,247,889.0,4444.9
27,248,896.8,4408.1
27,249,511.1,2491.0
27,251,389.5,1903.6
27,252,690.3,3170.8
27,253,755.4,3013.7
27,254,408.5,1889.7
27,255,394.8,1962.5
27,256,334.1,1670.8
27,257,462.0,2309.9
27,258,781.9,3796.7
27,259,486.1,2089.7
27,260,741.6,3677.5
27,261,409.5,2047.5
27,262,824.3,3695.4
27,263,598.2,2730.1
27,266,461.2,2306.0
27,267,573.4,2862.2
27,268,793.9,3588.5
27,269,572.4,2784.3
27,270,396.4,1361.1
27,271,422.4,2112.2
27,272,0.0,0.0
27,273,0.0,0.0
28,224,1066.0,5330.0
28,229,850.3,4251.6
28,230,779.2,3868.1
28,231,1211.4,5937.0
28,233,992.4,4322.5
28,235,980.1,4372.4
28,236,700.6,3138.7
28,238,644.7,3191.2
28,241,773.9,3536.2
28,244,952.8,4764.0
28,246,691.4,3428.8
28,247,889.0,4444.9
28,248,896.8,4408.1
28,249,511.1,2491.0
28,251,389.5,1903.6
28,252,690.3,3170.8
28,253,755.4,3013.7
28,254,408.5,1889.7
28,255,394.8,1962.5
28,256,334.1,1670.8
28,257,462.0,2309.9
28,258,781.9,3796.7
28,259,486.1,2089.7
28,260,741.6,3677.5
28,261,409.5,2047.5
28,262,824.3,3695.4
28,263,598.2,2730.1
28,266,461.2,2306.0
28,267,573.4,2862.2
28,268,793.9,3588.5
28,269,572.4,2784.3
28,270,396.4,1361.1
28,271,422.4,2112.2
28,272,521.8,2609.3
28,273,558.0,2622.7
28,274,0.0,0.0
28,275,0.0,0.0
28,276,0.0,0.0
29,224,1066.0,5330.0
29,229,850.3,4251.6
29,231,1211.4,5937.0
29,233,992.4,4322.5
29,235,980.1,4372.4
29,236,700.6,3138.7
29,241,773.9,3536.2
29,244,952.8,4764.0
29,246,691.4,3428.8
29,247,889.0,4444.9
29,248,896.8,4408.1
29,252,690.3,3170.8
29,253,755.4,3013.7
29,254,408.5,1889.7
29,255,394.8,1962.5
29,257,462.0,2309.9
29,258,781.9,3796.7
29,259,486.1,2089.7
29,260,741.6,3677.5
29,261,409.5,2047.5
29,262,824.3,3695.4
29,263,598.2,2730.1
29,266,461.2,2306.0
29,267,573.4,2862.2
29,268,793.9,3588.5
29,269,572.4,2784.3
29,270,396.4,1361.1
29,271,422.4,2112.2
29,272,521.8,2609.3
29,273,558.0,2622.7
29,274,428.5,2142.6
29,275,677.6,3166.3
29,276,228.0,1028.3
29,277,0.0,0.0
29,278,0.0,0.0
29,279,0.0,0.0
29,280,0.0,0.0
30,224,1066.0,5330.0
30,229,850.3,4251.6
30,231,1211.4,5937.0
30,233,992.4,4322.5
30,235,980.1,4372.4
30,241,773.9,3536.2
30,244,952.8,4764.0
30,246,691.4,3428.8
30,247,889.0,4444.9
30,248,896.8,4408.1
30,252,690.3,3170.8
30,253,755.4,3013.7
30,257,462.0,2309.9
30,258,781.9,3796.7
30,259,486.1,2089.7
30,260,741.6,3677.5
30,261,409.5,2047.5
30,262,824.3,3695.4
30,263,598.2,2730.1
30,266,461.2,2306.0
30,267,573.4,2862.2
30,268,793.9,3588.5
30,269,572.4,2784.3
30,270,396.4,1361.1
30,271,422.4,2112.2
30,272,521.8,2609.3
30,273,558.0,2622.7
30,274,428.5,2142.6
30,275,677.6,3166.3
30,276,228.0,1028.3
30,277,423.7,2051.6
30,278,1094.2,5367.5
30,279,378.3,1846.1
30,280,602.9,2874.3
30,281,0.0,0.0
30,282,0.0,0.0
30,283,0.0,0.0
30,284,0.0,0.0
31,229,850.3,4251.6
31,231,1211.4,5937.0
31,235,980.1,4372.4
31,241,773.9,3536.2
31,244,952.8,4764.0
31,246,691.4,3428.8
31,247,889.0,4444.9
31,248,896.8,4408.1
31,252,690.3,3170.8
31,253,755.4,3013.7
31,257,462.0,2309.9
31,258,781.9,3796.7
31,259,486.1,2089.7
31,260,741.6,3677.5
31,261,409.5,2047.5
31,262,824.3,3695.4
31,263,598.2,2730.1
31,266,461.2,2306.0
31,267,573.4,2862.2
31,268,793.9,3588.5
31,269,572.4,2784.3
31,270,396.4,1361.1
31,271,422.4,2112.2
31,272,521.8,2609.3
31,273,558.0,2622.7
31,274,428.5,2142.6
31,275,677.6,3166.3
31,276,228.0,1028.3
31,277,423.7,2051.6
31,278,1094.2,5367.5
31,279,378.3,1846.1
31,280,602.9,2874.3
31,281,716.6,3453.0
31,282,324.5,1449.2
31,283,382.8,1899.7
31,284,541.5,2635.9
31,285,0.0,0.0
31,286,0.0,0.0
31,287,0.0,0.0
31,288,0.0,0.0
31,289,0.0,0.0
31,290,0.0,0.0
32,231,1211.4,5937.0
32,244,952.8,4764.0
32,246,691.4,3428.8
32,247,889.0,4444.9
32,248,896.8,4408.1
32,253,755.4,3013.7
32,258,781.9,3796.7
32,260,741.6,3677.5
32,262,824.3,3695.4
32,263,598.2,2730.1
32,266,461.2,2306.0
32,267,573.4,2862.2
32,268,793.9,3588.5
32,269,572.4,2784.3
32,271,422.4,2112.2
32,272,521.8,2609.3
32,273,558.0,2622.7
32,274,428.5,2142.6
32,275,677.6,3166.3
32,276,228.0,1028.3
32,277,423.7,2051.6
32,278,1094.2,5367.5
32,279,378.3,1846.1
32,280,602.9,2874.3
32,281,716.6,3453.0
32,282,324.5,1449.2
32,283,382.8,1899.7
32,284,541.5,2635.9
32,285,270.9,1345.5
32,286,866.4,3917.4
32,287,537.2,2674.3
32,288,1043.5,5093.2
32,289,332.0,1539.5
32,290,649.9,2900.9
32,291,0.0,0.0
32,292,0.0,0.0
32,293,0.0,0.0
32,294,0.0,0.0
32,295,0.0,0.0
33,231,1211.4,5937.0
33,244,952.8,4764.0
33,247,889.0,4444.9
33,248,896.8,4408.1
33,253,755.4,3013.7
33,258,781.9,3796.7
33,260,741.6,3677.5
33,262,824.3,3695.4
33,263,598.2,2730.1
33,266,461.2,2306.0
33,267,573.4,2862.2
33,268,793.9,3588.5
33,269,572.4,2784.3
33,271,422.4,2112.2
33,272,521.8,2609.3
33,273,558.0,2622.7
33,274,428.5,2142.6
33,275,677.6,3166.3
33,277,423.7,2051.6
33,278,1094.2,5367.5
33,279,378.3,1846.1
33,280,602.9,2874.3
33,281,716.6,3453.0
33,282,324.5,1449.2
33,283,382.8,1899.7
33,284,541.5,2635.9
33,285,270.9,1345.5
33,286,866.4,3917.4
33,287,537.2,2674.3
33,288,1043.5,5093.2
33,289,332.0,1539.5
33,290,649.9,2900.9
33,291,819.6,4001.4
33,292,391.7,1686.1
33,293,0.0,0.0
33,294,332.0,1539.5
33,295,535.9,2636.1
33,296,0.0,0.0
33,297,0.0,0.0
33,298,0.0,0.0
33,299,0.0,0.0
33,300,0.0,0.0
34,244,952.8,4764.0
34,247,889.0,4444.9
34,248,896.8,4408.1
34,258,781.9,3796.7
34,260,741.6,3677.5
34,262,824.3,3695.4
34,263,598.2,2730.1
34,267,573.4,2862.2
34,268,793.9,3588.5
34,269,572.4,2784.3
34,271,422.4,2112.2
34,272,521.8,2609.3
34,273,558.0,2622.7
34,274,428.5,2142.6
34,275,677.6,3166.3
34,277,423.7,2051.6
34,278,1094.2,5367.5
34,279,378.3,1846.1
34,280,602.9,2874.3
34,281,716.6,3453.0
34,282,324.5,1449.2
34,283,382.8,1899.7
34,284,541.5,2635.9
34,285,270.9,1345.5
34,286,866.4,3917.4
34,287,537.2,2674.3
34,288,1043.5,5093.2
34,289,332.0,1539.5
34,290,649.9,2900.9
34,291,819.6,4001.4
34,292,391.7,1686.1
34,294,332.0,1539.5
34,295,535.9,2636.1
34,296,426.9,1998.2
34,297,563.6,2596.0
34,298,758.2,3714.4
34,299,913.7,4568.8
34,300,248.4,1242.2
34,301,0.0,0.0
34,302,0.0,0.0
35,244,952.8,4764.0
35,258,781.9,3796.7
35,260,741.6,3677.5
35,262,824.3,3695.4
35,268,793.9,3588.5
35,269,572.4,2784.3
35,272,521.8,2609.3
35,273,558.0,2622.7
35,274,428.5,2142.6
35,275,677.6,3166.3
35,277,423.7,2051.6
35,278,1094.2,5367.5
35,279,378.3,1846.1
35,280,602.9,2874.3
35,281,716.6,3453.0
35,282,324.5,1449.2
35,283,382.8,1899.7
35,284,541.5,2635.9
35,285,270.9,1345.5
35,286,866.4,3917.4
35,287,537.2,2674.3
35,288,1043.5,5093.2
35,289,332.0,1539.5
35,290,649.9,2900.9
35,291,819.6,4001.4
35,292,391.7,1686.1
35,294,332.0,1539.5
35,295,535.9,2636.1
35,296,426.9,1998.2
35,297,563.6,2596.0
35,298,758.2,3714.4
35,299,913.7,4568.8
35,300,248.4,1242.2
35,301,910.5,4199.8
35,302,578.2,2870.9
35,303,0.0,0.0
35,304,0.0,0.0
35,305,0.0,0.0
35,306,0.0,0.0
36,258,781.9,3796.7
36,260,741.6,3677.5
36,268,793.9,3588.5
36,275,677.6,3166.3
36,277,423.7,2051.6
36,278,1094.2,5367.5
36,280,602.9,2874.3
36,281,716.6,3453.0
36,282,324.5,1449.2
36,283,382.8,1899.7
36,284,541.5,2635.9
36,285,270.9,1345.5
36,286,866.4,3917.4
36,287,537.2,2674.3
36,288,1043.5,5093.2
36,289,332.0,1539.5
36,290,649.9,2900.9
36,291,819.6,4001.4
36,292,391.7,1686.1
36,294,332.0,1539.5
36,295,535.9,2636.1
36,296,426.9,1998.2
36,297,563.6,2596.0
36,298,758.2,3714.4
36,299,913.7,4568.8
36,300,248.4,1242.2
36,301,910.5,4199.8
36,302,578.2,2870.9
36,303,259.5,1037.3
36,304,1496.6,7463.0
36,305,969.4,4468.6
36,306,344.9,1724.7
36,307,0.0,0.0
36,308,0.0,0.0
36,309,0.0,0.0
36,310,0.0,0.0
37,268,793.9,3588.5
37,275,677.6,3166.3
37,278,1094.2,5367.5
37,280,602.9,2874.3
37,281,716.6,3453.0
37,284,541.5,2635.9
37,286,866.4,3917.4
37,287,537.2,2674.3
37,288,1043.5,5093.2
37,290,649.9,2900.9
37,291,819.6,4001.4
37,292,391.7,1686.1
37,294,332.0,1539.5
37,295,535.9,2636.1
37,296,426.9,1998.2
37,297,563.6,2596.0
37,298,758.2,3714.4
37,299,913.7,4568.8
37,300,248.4,1242.2
37,301,910.5,4199.8
37,302,578.2,2870.9
37,303,259.5,1037.3
37,304,1496.6,7463.0
37,305,969.4,4468.6
37,306,344.9,1724.7
37,307,595.9,2859.2
37,308,851.7,4258.4
37,309,1348.5,6722.6
37,310,547.4,2468.3
37,311,0.0,0.0
37,312,0.0,0.0
37,313,0.0,0.0
37,314,0.0,0.0
37,315,0.0,0.0
37,316,0.0,0.0
38,268,793.9,3588.5
38,275,677.6,3166.3
38,278,1094.2,5367.5
38,280,602.9,2874.3
38,281,716.6,3453.0
38,284,541.5,2635.9
38,286,866.4,3917.4
38,287,537.2,2674.3
38,288,1043.5,5093.2
38,290,649.9,2900.9
38,291,819.6,4001.4
38,292,391.7,1686.1
38,295,535.9,2636.1
38,296,426.9,1998.2
38,297,563.6,2596.0
38,298,758.2,3714.4
38,299,913.7,4568.8
38,301,910.5,4199.8
38,302,578.2,2870.9
38,303,259.5,1037.3
38,304,1496.6,7463.0
38,305,969.4,4468.6
38,306,344.9,1724.7
38,307,595.9,2859.2
38,308,851.7,4258.4
38,309,1348.5,6722.6
38,310,547.4,2468.3
38,311,294.1,1208.3
38,312,634.3,2991.6
38,313,967.2,4594.6
38,314,646.6,3191.3
38,315,367.4,1262.9
38,316,198.4,991.8
38,317,0.0,0.0
38,318,0.0,0.0
38,319,0.0,0.0
38,320,0.0,0.0
39,275,677.6,3166.3
39,278,1094.2,5367.5
39,281,716.6,3453.0
39,286,866.4,3917.4
39,287,537.2,2674.3
39,288,1043.5,5093.2
39,290,649.9,2900.9
39,291,819.6,4001.4
39,295,535.9,2636.1
39,296,426.9,1998.2
39,297,563.6,2596.0
39,298,758.2,3714.4
39,299,913.7,4568.8
39,301,910.5,4199.8
39,302,578.2,2870.9
39,303,259.5,1037.3
39,304,1496.6,7463.0
39,305,969.4,4468.6
39,306,344.9,1724.7
39,307,595.9,2859.2
39,308,851.7,4258.4
39,309,1348.5,6722.6
39,310,547.4,2468.3
39,311,294.1,1208.3
39,312,634.3,2991.6
39,313,967.2,4594.6
39,314,646.6,3191.3
39,315,367.4,1262.9
39,316,198.4,991.8
39,317,578.7,2592.1
39,318,200.6,918.4
39,319,410.5,2052.8
39,320,566.8,2415.5
39,321,0.0,0.0
39,322,0.0,0.0
39,323,0.0,0.0
39,324,0.0,0.0
39,325,0.0,0.0
40,278,1094.2,5367.5
40,281,716.6,3453.0
40,286,866.4,3917.4
40,287,537.2,2674.3
40,288,1043.5,5093.2
40,290,649.9,2900.9
40,291,819.6,4001.4
40,295,535.9,2636.1
40,297,563.6,2596.0
40,298,758.2,3714.4
40,299,913.7,4568.8
40,301,910.5,4199.8
40,302,578.2,2870.9
40,304,1496.6,7463.0
40,305,969.4,4468.6
40,306,344.9,1724.7
40,307,595.9,2859.2
40,308,851.7,4258.4
40,309,1348.5,6722.6
40,310,547.4,2468.3
40,311,294.1,1208.3
40,312,634.3,2991.6
40,313,967.2,4594.6
40,314,646.6,3191.3
40,315,367.4,1262.9
40,316,198.4,991.8
40,317,578.7,2592.1
40,318,200.6,918.4
40,319,410.5,2052.8
40,320,566.8,2415.5
40,321,533.3,2430.2
40,322,498.6,2426.8
40,323,522.8,2614.1
40,324,603.7,2731.1
40,325,628.0,3140.1
40,326,0.0,0.0
40,327,0.0,0.0
40,328,0.0,0.0
40,329,0.0,0.0
41,278,1094.2,5367.5
41,286,866.4,3917.4
41,288,1043.5,5093.2
41,291,819.6,4001.4
41,297,563.6,2596.0
41,298,758.2,3714.4
41,299,913.7,4568.8
41,301,910.5,4199.8
41,302,578.2,2870.9
41,304,1496.6,7463.0
41,305,969.4,4468.6
41,306,344.9,1724.7
41,307,595.9,2859.2
41,308,851.7,4258.4
41,309,1348.5,6722.6
41,310,547.4,2468.3
41,311,294.1,1208.3
41,312,634.3,2991.6
41,313,967.2,4594.6
41,314,646.6,3191.3
41,315,367.4,1262.9
41,316,198.4,991.8
41,317,578.7,2592.1
41,318,200.6,918.4
41,319,410.5,2052.8
41,320,566.8,2415.5
41,321,533.3,2430.2
41,322,498.6,2426.8
41,323,522.8,2614.1
41,324,603.7,2731.1
41,325,628.0,3140.1
41,326,286.1,1430.6
41,327,398.3,1873.8
41,328,835.0,4156.6
41,329,385.5,1927.7
41,330,0.0,0.0
41,331,0.0,0.0
41,332,0.0,0.0
41,333,0.0,0.0
41,334,0.0,0.0
42,278,1094.2,5367.5
42,286,866.4,3917.4
42,288,1043.5,5093.2
42,291,819.6,4001.4
42,298,758.2,3714.4
42,299,913.7,4568.8
42,301,910.5,4199.8
42,302,578.2,2870.9
42,304,1496.6,7463.0
42,305,969.4,4468.6
42,307,595.9,2859.2
42,308,851.7,4258.4
42,309,1348.5,6722.6
42,310,547.4,2468.3
42,312,634.3,2991.6
42,313,967.2,4594.6
42,314,646.6,3191.3
42,317,578.7,2592.1
42,318,200.6,918.4
42,319,410.5,2052.8
42,320,566.8,2415.5
42,321,533.3,2430.2
42,322,498.6,2426.8
42,323,522.8,2614.1
42,324,603.7,2731.1
42,325,628.0,3140.1
42,326,286.1,1430.6
42,327,398.3,1873.8
42,328,835.0,4156.6
42,329,385.5,1927.7
42,330,788.8,3944.1
42,331,0.0,0.0
42,332,829.0,4125.2
42,333,459.5,2058.7
42,334,666.6,3333.2
42,335,0.0,0.0
42,336,0.0,0.0
42,337,0.0,0.0
42,338,0.0,0.0
42,339,0.0,0.0
43,278,1094.2,5367.5
43,286,866.4,3917.4
43,288,1043.5,5093.2
43,291,819.6,4001.4
43,298,758.2,3714.4
43,299,913.7,4568.8
43,301,910.5,4199.8
43,302,578.2,2870.9
43,304,1496.6,7463.0
43,305,969.4,4468.6
43,307,595.9,2859.2
43,308,851.7,4258.4
43,309,1348.5,6722.6
43,310,547.4,2468.3
43,312,634.3,2991.6
43,313,967.2,4594.6
43,314,646.6,3191.3
43,317,578.7,2592.1
43,319,410.5,2052.8
43,320,566.8,2415.5
43,321,533.3,2430.2
43,322,498.6,2426.8
43,323,522.8,2614.1
43,324,603.7,2731.1
43,325,628.0,3140.1
43,326,286.1,1430.6
43,327,398.3,1873.8
43,328,835.0,4156.6
43,329,385.5,1927.7
43,330,788.8,3944.1
43,332,829.0,4125.2
43,333,459.5,2058.7
43,334,666.6,3333.2
43,335,69.2,345.9
43,336,235.2,1033.3
43,337,155.8,719.3
43,338,686.6,3328.4
43,339,657.0,3285.2
43,340,0.0,0.0
43,341,0.0,0.0
43,342,0.0,0.0
44,278,1094.2,5367.5
44,286,866.4,3917.4
44,288,1043.5,5093.2
44,291,819.6,4001.4
44,298,758.2,3714.4
44,299,913.7,4568.8
44,301,910.5,4199.8
44,304,1496.6,7463.0
44,305,969.4,4468.6
44,307,595.9,2859.2
44,308,851.7,4258.4
44,309,1348.5,6722.6
44,310,547.4,2468.3
44,312,634.3,2991.6
44,313,967.2,4594.6
44,314,646.6,3191.3
44,317,578.7,2592.1
44,319,410.5,2052.8
44,320,566.8,2415.5
44,321,533.3,2430.2
44,322,498.6,2426.8
44,323,522.8,2614.1
44,324,603.7,2731.1
44,325,628.0,3140.1
44,326,286.1,1430.6
44,327,398.3,1873.8
44,328,835.0,4156.6
44,329,385.5,1927.7
44,330,788.8,3944.1
44,332,829.0,4125.2
44,333,459.5,2058.7
44,334,666.6,3333.2
44,335,69.2,345.9
44,336,235.2,1033.3
44,337,155.8,719.3
44,338,686.6,3328.4
44,339,657.0,3285.2
44,340,553.7,2768.4
44,341,1096.4,5421.1
44,342,1045.9,4965.9
44,343,0.0,0.0
44,344,0.0,0.0
44,345,0.0,0.0
44,346,0.0,0.0
45,278,1094.2,5367.5
45,286,866.4,3917.4
45,288,1043.5,5093.2
45,298,758.2,3714.4
45,299,913.7,4568.8
45,301,910.5,4199.8
45,304,1496.6,7463.0
45,305,969.4,4468.6
45,307,595.9,2859.2
45,308,851.7,4258.4
45,309,1348.5,6722.6
45,312,634.3,2991.6
45,313,967.2,4594.6
45,314,646.6,3191.3
45,317,578.7,2592.1
45,319,410.5,2052.8
45,320,566.8,2415.5
45,321,533.3,2430.2
45,322,498.6,2426.8
45,323,522.8,2614.1
45,324,603.7,2731.1
45,325,628.0,3140.1
45,326,286.1,1430.6
45,327,398.3,1873.8
45,328,835.0,4156.6
45,329,385.5,1927.7
45,330,788.8,3944.1
45,332,829.0,4125.2
45,333,459.5,2058.7
45,334,666.6,3333.2
45,336,235.2,1033.3
45,337,155.8,719.3
45,338,686.6,3328.4
45,339,657.0,3285.2
45,340,553.7,2768.4
45,341,1096.4,5421.1
45,342,1045.9,4965.9
45,343,157.3,786.3
45,344,0.0,0.0
45,345,1151.5,5354.3
45,346,720.1,3433.4
45,347,0.0,0.0
45,348,0.0,0.0
45,349,0.0,0.0
46,278,1094.2,5367.5
46,288,1043.5,5093.2
46,299,913.7,4568.8
46,301,910.5,4199.8
46,304,1496.6,7463.0
46,305,969.4,4468.6
46,308,851.7,4258.4
46,309,1348.5,6722.6
46,312,634.3,2991.6
46,313,967.2,4594.6
46,314,646.6,3191.3
46,317,578.7,2592.1
46,321,533.3,2430.2
46,322,498.6,2426.8
46,323,522.8,2614.1
46,324,603.7,2731.1
46,325,628.0,3140.1
46,327,398.3,1873.8
46,328,835.0,4156.6
46,329,385.5,1927.7
46,330,788.8,3944.1
46,332,829.0,4125.2
46,333,459.5,2058.7
46,334,666.6,3333.2
46,336,235.2,1033.3
46,338,686.6,3328.4
46,339,657.0,3285.2
46,340,553.7,2768.4
46,341,1096.4,5421.1
46,342,1045.9,4965.9
46,343,157.3,786.3
46,345,1151.5,5354.3
46,346,720.1,3433.4
46,347,309.5,1480.7
46,348,407.0,1552.3
46,349,1174.1,5612.7
46,350,0.0,0.0
46,351,0.0,0.0
46,352,0.0,0.0
46,353,0.0,0.0
46,354,0.0,0.0
47,278,1094.2,5367.5
47,288,1043.5,5093.2
47,299,913.7,4568.8
47,301,910.5,4199.8
47,304,1496.6,7463.0
47,305,969.4,4468.6
47,308,851.7,4258.4
47,309,1348.5,6722.6
47,312,634.3,2991.6
47,313,967.2,4594.6
47,321,533.3,2430.2
47,322,498.6,2426.8
47,323,522.8,2614.1
47,324,603.7,2731.1
47,325,628.0,3140.1
47,327,398.3,1873.8
47,328,835.0,4156.6
47,330,788.8,3944.1
47,332,829.0,4125.2
47,333,459.5,2058.7
47,334,666.6,3333.2
47,338,686.6,3328.4
47,339,657.0,3285.2
47,340,553.7,2768.4
47,341,1096.4,5421.1
47,342,1045.9,4965.9
47,343,157.3,786.3
47,345,1151.5,5354.3
47,346,720.1,3433.4
47,347,309.5,1480.7
47,348,407.0,1552.3
47,349,1174.1,5612.7
47,350,406.5,2012.1
47,351,409.9,2049.8
47,352,1245.2,6226.4
47,353,623.1,3115.7
47,354,520.2,2524.7
47,355,0.0,0.0
47,356,0.0,0.0
47,357,0.0,0.0
48,301,910.5,4199.8
48,304,1496.6,7463.0
48,305,969.4,4468.6
48,308,851.7,4258.4
48,309,1348.5,6722.6
48,313,967.2,4594.6
48,324,603.7,2731.1
48,325,628.0,3140.1
48,328,835.0,4156.6
48,330,788.8,3944.1
48,332,829.0,4125.2
48,333,459.5,2058.7
48,334,666.6,3333.2
48,338,686.6,3328.4
48,339,657.0,3285.2
48,340,553.7,2768.4
48,341,1096.4,5421.1
48,342,1045.9,4965.9
48,345,1151.5,5354.3
48,346,720.1,3433.4
48,347,309.5,1480.7
48,348,407.0,1552.3
48,349,1174.1,5612.7
48,350,406.5,2012.1
48,351,409.9,2049.8
48,352,1245.2,6226.4
48,353,623.1,3115.7
48,354,520.2,2524.7
48,355,417.9,2089.3
48,356,265.5,1212.3
48,357,312.2,921.6
48,358,0.0,0.0
48,359,0.0,0.0
49,304,1496.6,7463.0
49,308,851.7,4258.4
49,309,1348.5,6722.6
49,313,967.2,4594.6
49,325,628.0,3140.1
49,328,835.0,4156.6
49,330,788.8,3944.1
49,332,829.0,4125.2
49,334,666.6,3333.2
49,338,686.6,3328.4
49,339,657.0,3285.2
49,340,553.7,2768.4
49,341,1096.4,5421.1
49,342,1045.9,4965.9
49,345,1151.5,5354.3
49,346,720.1,3433.4
49,347,309.5,1480.7
49,348,407.0,1552.3
49,349,1174.1,5612.7
49,350,406.5,2012.1
49,351,409.9,2049.8
49,352,1245.2,6226.4
49,353,623.1,3115.7
49,354,520.2,2524.7
49,355,417.9,2089.3
49,356,265.5,1212.3
49,357,312.2,921.6
49,358,1014.8,5074.3
49,359,230.6,1058.7
49,360,0.0,0.0
49,361,0.0,0.0
49,362,0.0,0.0
50,304,1496.6,7463.0
50,309,1348.5,6722.6
50,313,967.2,4594.6
50,328,835.0,4156.6
50,330,788.8,3944.1
50,332,829.0,4125.2
50,334,666.6,3333.2
50,338,686.6,3328.4
50,339,657.0,3285.2
50,340,553.7,2768.4
50,341,1096.4,5421.1
50,342,1045.9,4965.9
50,345,1151.5,5354.3
50,346,720.1,3433.4
50,347,309.5,1480.7
50,348,407.0,1552.3
50,349,1174.1,5612.7
50,350,406.5,2012.1
50,351,409.9,2049.8
50,352,1245.2,6226.4
50,353,623.1,3115.7
50,354,520.2,2524.7
50,355,417.9,2089.3
50,356,265.5,1212.3
50,357,312.2,921.6
50,358,1014.8,5074.3
50,359,230.6,1058.7
50,360,309.5,1480.7
50,361,207.2,655.9
50,362,399.7,1977.9
50,363,0.0,0.0
50,364,0.0,0.0
50,365,0.0,0.0
50,366,0.0,0.0
50,367,0.0,0.0
51,304,1496.6,7463.0
51,309,1348.5,6722.6
51,313,967.2,4594.6
51,328,835.0,4156.6
51,330,788.8,3944.1
51,332,829.0,4125.2
51,334,666.6,3333.2
51,338,686.6,3328.4
51,339,657.0,3285.2
51,340,553.7,2768.4
51,341,1096.4,5421.1
51,342,1045.9,4965.9
51,345,1151.5,5354.3
51,346,720.1,3433.4
51,347,309.5,1480.7
51,349,1174.1,5612.7
51,350,406.5,2012.1
51,351,409.9,2049.8
51,352,1245.2,6226.4
51,353,623.1,3115.7
51,354,520.2,2524.7
51,355,417.9,2089.3
51,356,265.5,1212.3
51,358,1014.8,5074.3
51,359,230.6,1058.7
51,360,309.5,1480.7
51,361,207.2,655.9
51,362,399.7,1977.9
51,363,646.9,2817.9
51,364,665.2,3204.3
51,365,560.8,2804.1
51,366,200.7,1003.6
51,367,377.1,1535.7
51,368,0.0,0.0
51,369,0.0,0.0
51,370,0.0,0.0
51,371,0.0,0.0
51,372,0.0,0.0
52,304,1496.6,7463.0
52,309,1348.5,6722.6
52,313,967.2,4594.6
52,328,835.0,4156.6
52,330,788.8,3944.1
52,332,829.0,4125.2
52,338,686.6,3328.4
52,339,657.0,3285.2
52,341,1096.4,5421.1
52,342,1045.9,4965.9
52,345,1151.5,5354.3
52,346,720.1,3433.4
52,349,1174.1,5612.7
52,350,406.5,2012.1
52,351,409.9,2049.8
52,352,1245.2,6226.4
52,353,623.1,3115.7
52,354,520.2,2524.7
52,355,417.9,2089.3
52,358,1014.8,5074.3
52,359,230.6,1058.7
52,360,309.5,1480.7
52,361,207.2,655.9
52,362,399.7,1977.9
52,363,646.9,2817.9
52,364,665.2,3204.3
52,365,560.8,2804.1
52,366,200.7,1003.6
52,367,377.1,1535.7
52,368,667.5,3074.4
52,369,314.0,1568.4
52,370,514.9,2530.7
52,371,444.2,2221.0
52,372,752.8,3764.3
52,373,0.0,0.0
52,374,0.0,0.0
52,375,0.0,0.0
52,376,0.0,0.0
52,377,0.0,0.0
53,304,1496.6,7463.0
53,309,1348.5,6722.6
53,313,967.2,4594.6
53,328,835.0,4156.6
53,332,829.0,4125.2
53,341,1096.4,5421.1
53,342,1045.9,4965.9
53,345,1151.5,5354.3
53,346,720.1,3433.4
53,349,1174.1,5612.7
53,350,406.5,2012.1
53,351,409.9,2049.8
53,352,1245.2,6226.4
53,353,623.1,3115.7
53,354,520.2,2524.7
53,355,417.9,2089.3
53,358,1014.8,5074.3
53,360,309.5,1480.7
53,362,399.7,1977.9
53,363,646.9,2817.9
53,364,665.2,3204.3
53,365,560.8,2804.1
53,366,200.7,1003.6
53,367,377.1,1535.7
53,368,667.5,3074.4
53,369,314.0,1568.4
53,370,514.9,2530.7
53,371,444.2,2221.0
53,372,752.8,3764.3
53,373,396.3,1981.6
53,374,279.7,1398.5
53,375,509.5,2547.5
53,376,548.9,2674.2
53,377,617.5,3067.4
53,378,0.0,0.0
53,379,0.0,0.0
53,380,0.0,0.0
53,381,0.0,0.0
53,382,0.0,0.0
54,304,1496.6,7463.0
54,309,1348.5,6722.6
54,332,829.0,4125.2
54,341,1096.4,5421.1
54,342,1045.9,4965.9
54,345,1151.5,5354.3
54,346,720.1,3433.4
54,349,1174.1,5612.7
54,352,1245.2,6226.4
54,353,623.1,3115.7
54,354,520.2,2524.7
54,355,417.9,2089.3
54,358,1014.8,5074.3
54,360,309.5,1480.7
54,362,399.7,1977.9
54,363,646.9,2817.9
54,364,665.2,3204.3
54,365,560.8,2804.1
54,366,200.7,1003.6
54,367,377.1,1535.7
54,368,667.5,3074.4
54,369,314.0,1568.4
54,370,514.9,2530.7
54,371,444.2,2221.0
54,372,752.8,3764.3
54,373,396.3,1981.6
54,374,279.7,1398.5
54,375,509.5,2547.5
54,376,548.9,2674.2
54,377,617.5,3067.4
54,378,944.8,4109.3
54,379,764.2,3799.9
54,380,607.2,3036.0
54,381,392.9,1796.9
54,382,601.9,2988.8
54,383,0.0,0.0
54,384,0.0,0.0
54,385,0.0,0.0
54,386,0.0,0.0
54,387,0.0,0.0
55,304,1496.6,7463.0
55,309,1348.5,6722.6
55,341,1096.4,5421.1
55,342,1045.9,4965.9
55,345,1151.5,5354.3
55,349,1174.1,5612.7
55,352,1245.2,6226.4
55,353,623.1,3115.7
55,358,1014.8,5074.3
55,360,309.5,1480.7
55,362,399.7,1977.9
55,363,646.9,2817.9
55,364,665.2,3204.3
55,365,560.8,2804.1
55,367,377.1,1535.7
55,368,667.5,3074.4
55,369,314.0,1568.4
55,370,514.9,2530.7
55,371,444.2,2221.0
55,372,752.8,3764.3
55,373,396.3,1981.6
55,374,279.7,1398.5
55,375,509.5,2547.5
55,376,548.9,2674.2
55,377,617.5,3067.4
55,378,944.8,4109.3
55,379,764.2,3799.9
55,380,607.2,3036.0
55,381,392.9,1796.9
55,382,601.9,2988.8
55,383,159.8,799.2
55,384,0.0,0.0
55,385,584.0,2876.3
55,386,860.8,4239.2
55,387,663.6,2889.7
55,388,0.0,0.0
55,389,0.0,0.0
55,390,0.0,0.0
55,391,0.0,0.0
56,304,1496.6,7463.0
56,341,1096.4,5421.1
56,342,1045.9,4965.9
56,345,1151.5,5354.3
56,349,1174.1,5612.7
56,352,1245.2,6226.4
56,353,623.1,3115.7
56,358,1014.8,5074.3
56,362,399.7,1977.9
56,363,646.9,2817.9
56,364,665.2,3204.3
56,365,560.8,2804.1
56,367,377.1,1535.7
56,368,667.5,3074.4
56,369,314.0,1568.4
56,370,514.9,2530.7
56,371,444.2,2221.0
56,372,752.8,3764.3
56,373,396.3,1981.6
56,374,279.7,1398.5
56,375,509.5,2547.5
56,376,548.9,2674.2
56,377,617.5,3067.4
56,378,944.8,4109.3
56,379,764.2,3799.9
56,380,607.2,3036.0
56,381,392.9,1796.9
56,382,601.9,2988.8
56,383,159.8,799.2
56,385,584.0,2876.3
56,386,860.8,4239.2
56,387,663.6,2889.7
56,388,735.5,3376.4
56,389,247.6,1129.5
56,390,667.4,3169.9
56,391,419.1,2075.6
56,392,0.0,0.0
56,393,0.0,0.0
56,394,0.0,0.0
57,341,1096.4,5421.1
57,342,1045.9,4965.9
57,345,1151.5,5354.3
57,349,1174.1,5612.7
57,352,1245.2,6226.4
57,353,623.1,3115.7
57,358,1014.8,5074.3
57,363,646.9,2817.9
57,364,665.2,3204.3
57,365,560.8,2804.1
57,368,667.5,3074.4
57,369,314.0,1568.4
57,370,514.9,2530.7
57,371,444.2,2221.0
57,372,752.8,3764.3
57,373,396.3,1981.6
57,374,279.7,1398.5
57,375,509.5,2547.5
57,376,548.9,2674.2
57,377,617.5,3067.4
57,378,944.8,4109.3
57,379,764.2,3799.9
57,380,607.2,3036.0
57,381,392.9,1796.9
57,382,601.9,2988.8
57,383,159.8,799.2
57,385,584.0,2876.3
57,386,860.8,4239.2
57,387,663.6,2889.7
57,388,735.5,3376.4
57,389,247.6,1129.5
57,390,667.4,3169.9
57,391,419.1,2075.6
57,392,589.1,2597.0
57,393,889.2,4446.1
57,394,803.3,3904.4
57,395,0.0,0.0
57,396,0.0,0.0
57,397,0.0,0.0
57,398,0.0,0.0
58,341,1096.4,5421.1
58,342,1045.9,4965.9
58,345,1151.5,5354.3
58,349,1174.1,5612.7
58,352,1245.2,6226.4
58,358,1014.8,5074.3
58,363,646.9,2817.9
58,364,665.2,3204.3
58,365,560.8,2804.1
58,368,667.5,3074.4
58,370,514.9,2530.7
58,371,444.2,2221.0
58,372,752.8,3764.3
58,373,396.3,1981.6
58,375,509.5,2547.5
58,376,548.9,2674.2
58,377,617.5,3067.4
58,378,944.8,4109.3
58,379,764.2,3799.9
58,380,607.2,3036.0
58,381,392.9,1796.9
58,382,601.9,2988.8
58,385,584.0,2876.3
58,386,860.8,4239.2
58,387,663.6,2889.7
58,388,735.5,3376.4
58,389,247.6,1129.5
58,390,667.4,3169.9
58,391,419.1,2075.6
58,392,589.1,2597.0
58,393,889.2,4446.1
58,394,803.3,3904.4
58,395,542.3,2711.8
58,396,655.2,3276.2
58,397,361.7,1787.3
58,398,403.4,1957.5
58,399,0.0,0.0
58,400,0.0,0.0
58,401,0.0,0.0
58,402,0.0,0.0
59,342,1045.9,4965.9
59,345,1151.5,5354.3
59,349,1174.1,5612.7
59,352,1245.2,6226.4
59,358,1014.8,5074.3
59,363,646.9,2817.9
59,364,665.2,3204.3
59,365,560.8,2804.1
59,368,667.5,3074.4
59,370,514.9,2530.7
59,371,444.2,2221.0
59,372,752.8,3764.3
59,375,509.5,2547.5
59,376,548.9,2674.2
59,377,617.5,3067.4
59,378,944.8,4109.3
59,379,764.2,3799.9
59,380,607.2,3036.0
59,381,392.9,1796.9
59,382,601.9,2988.8
59,385,584.0,2876.3
59,386,860.8,4239.2
59,387,663.6,2889.7
59,388,735.5,3376.4
59,389,247.6,1129.5
59,390,667.4,3169.9
59,391,419.1,2075.6
59,392,589.1,2597.0
59,393,889.2,4446.1
59,394,803.3,3904.4
59,395,542.3,2711.8
59,396,655.2,3276.2
59,397,361.7,1787.3
59,398,403.4,1957.5
59,399,426.2,2131.2
59,400,643.4,3216.9
59,401,192.6,962.9
59,402,583.8,2793.1
59,403,0.0,0.0
59,404,0.0,0.0
59,405,0.0,0.0
59,406,0.0,0.0
59,407,0.0,0.0
60,345,1151.5,5354.3
60,349,1174.1,5612.7
60,352,1245.2,6226.4
60,358,1014.8,5074.3
60,368,667.5,3074.4
60,372,752.8,3764.3
60,375,509.5,2547.5
60,376,548.9,2674.2
60,377,617.5,3067.4
60,378,944.8,4109.3
60,379,764.2,3799.9
60,380,607.2,3036.0
60,382,601.9,2988.8
60,385,584.0,2876.3
60,386,860.8,4239.2
60,387,663.6,2889.7
60,388,735.5,3376.4
60,390,667.4,3169.9
60,391,419.1,2075.6
60,392,589.1,2597.0
60,393,889.2,4446.1
60,394,803.3,3904.4
60,395,542.3,2711.8
60,396,655.2,3276.2
60,397,361.7,1787.3
60,398,403.4,1957.5
60,399,426.2,2131.2
60,400,643.4,3216.9
60,401,192.6,962.9
60,402,583.8,2793.1
60,403,731.3,3542.3
60,404,601.5,2712.9
60,405,443.5,1945.7
60,406,644.4,3203.5
60,407,913.7,4246.3
60,408,0.0,0.0
60,409,0.0,0.0
60,410,0.0,0.0
60,411,0.0,0.0
60,412,0.0,0.0
61,349,1174.1,5612.7
61,352,1245.2,6226.4
61,358,1014.8,5074.3
61,368,667.5,3074.4
61,372,752.8,3764.3
61,376,548.9,2674.2
61,377,617.5,3067.4
61,378,944.8,4109.3
61,379,764.2,3799.9
61,380,607.2,3036.0
61,382,601.9,2988.8
61,385,584.0,2876.3
61,386,860.8,4239.2
61,387,663.6,2889.7
61,388,735.5,3376.4
61,390,667.4,3169.9
61,391,419.1,2075.6
61,392,589.1,2597.0
61,393,889.2,4446.1
61,394,803.3,3904.4
61,395,542.3,2711.8
61,396,655.2,3276.2
61,397,361.7,1787.3
61,398,403.4,1957.5
61,399,426.2,2131.2
61,400,643.4,3216.9
61,401,192.6,962.9
61,402,583.8,2793.1
61,403,731.3,3542.3
61,404,601.5,2712.9
61,405,443.5,1945.7
61,406,644.4,3203.5
61,407,913.7,4246.3
61,408,280.2,1232.6
61,409,753.2,3528.9
61,410,554.5,2702.2
61,411,772.3,3861.7
61,412,427.3,2012.1
61,413,0.0,0.0
61,414,0.0,0.0
62,349,1174.1,5612.7
62,352,1245.2,6226.4
62,358,1014.8,5074.3
62,372,752.8,3764.3
62,376,691.3,3386.1
62,377,617.5,3067.4
62,378,944.8,4109.3
62,379,764.2,3799.9
62,380,607.2,3036.0
62,382,601.9,2988.8
62,385,584.0,2876.3
62,386,860.8,4239.2
62,387,663.6,2889.7
62,388,735.5,3376.4
62,390,667.4,3169.9
62,391,419.1,2075.6
62,392,589.1,2597.0
62,393,889.2,4446.1
62,394,803.3,3904.4
62,395,542.3,2711.8
62,396,655.2,3276.2
62,397,361.7,1787.3
62,398,403.4,1957.5
62,399,426.2,2131.2
62,400,643.4,3216.9
62,401,192.6,962.9
62,402,583.8,2793.1
62,403,731.3,3542.3
62,404,601.5,2712.9
62,405,443.5,1945.7
62,406,644.4,3203.5
62,407,913.7,4246.3
62,408,280.2,1232.6
62,409,753.2,3528.9
62,410,554.5,2702.2
62,411,772.3,3861.7
62,412,427.3,2012.1
62,413,272.5,1136.6
62,414,508.6,2514.4
62,415,0.0,0.0
62,416,0.0,0.0
62,417,0.0,0.0
63,349,1174.1,5612.7
63,352,1245.2,6226.4
63,372,752.8,3764.3
63,376,691.3,3386.1
63,378,944.8,4109.3
63,379,764.2,3799.9
63,385,584.0,2876.3
63,386,860.8,4239.2
63,387,663.6,2889.7
63,388,735.5,3376.4
63,390,667.4,3169.9
63,392,589.1,2597.0
63,393,889.2,4446.1
63,394,803.3,3904.4
63,395,542.3,2711.8
63,396,655.2,3276.2
63,397,361.7,1787.3
63,398,403.4,1957.5
63,399,426.2,2131.2
63,400,643.4,3216.9
63,402,583.8,2793.1
63,403,731.3,3542.3
63,404,601.5,2712.9
63,405,443.5,1945.7
63,406,644.4,3203.5
63,407,913.7,4246.3
63,408,280.2,1232.6
63,409,753.2,3528.9
63,410,554.5,2702.2
63,411,772.3,3861.7
63,412,427.3,2012.1
63,413,272.5,1136.6
63,414,508.6,2514.4
63,415,827.0,3767.6
63,416,269.2,1221.4
63,417,0.0,0.0
63,418,0.0,0.0
63,419,0.0,0.0
63,420,0.0,0.0
63,421,0.0,0.0
64,352,1245.2,6226.4
64,372,895.1999999999999,4476.2
64,378,944.8,4109.3
64,379,764.2,3799.9
64,386,860.8,4239.2
64,388,735.5,3376.4
64,390,667.4,3169.9
64,392,589.1,2597.0
64,393,889.2,4446.1
64,394,803.3,3904.4
64,395,542.3,2711.8
64,396,655.2,3276.2
64,399,426.2,2131.2
64,400,643.4,3216.9
64,402,583.8,2793.1
64,403,731.3,3542.3
64,404,601.5,2712.9
64,405,443.5,1945.7
64,406,644.4,3203.5
64,407,913.7,4246.3
64,408,280.2,1232.6
64,409,753.2,3528.9
64,410,554.5,2702.2
64,411,772.3,3861.7
64,412,427.3,2012.1
64,413,272.5,1136.6
64,414,508.6,2514.4
64,415,827.0,3767.6
64,416,269.2,1221.4
64,418,98.8,453.8
64,419,560.7,2785.0
64,420,673.3,3366.4
64,421,472.4,2072.0
64,422,0.0,0.0
65,352,1245.2,6226.4
65,372,895.1999999999999,4476.2
65,378,944.8,4109.3
65,379,764.2,3799.9
65,386,860.8,4239.2
65,388,735.5,3376.4
65,392,589.1,2597.0
65,393,889.2,4446.1
65,394,803.3,3904.4
65,395,542.3,2711.8
65,396,655.2,3276.2
65,399,426.2,2131.2
65,400,643.4,3216.9
65,402,583.8,2793.1
65,403,731.3,3542.3
65,404,601.5,2712.9
65,405,443.5,1945.7
65,406,644.4,3203.5
65,407,913.7,4246.3
65,409,753.2,3528.9
65,410,554.5,2702.2
65,411,772.3,3861.7
65,412,427.3,2012.1
65,413,272.5,1136.6
65,414,508.6,2514.4
65,415,827.0,3767.6
65,416,269.2,1221.4
65,418,98.8,453.8
65,419,560.7,2785.0
65,420,673.3,3366.4
65,421,472.4,2072.0
65,422,394.6,1972.8
65,423,0.0,0.0
65,424,0.0,0.0
66,379,764.2,3799.9
66,386,860.8,4239.2
66,393,889.2,4446.1
66,394,803.3,3904.4
66,396,655.2,3276.2
66,400,643.4,3216.9
66,402,583.8,2793.1
66,403,731.3,3542.3
66,404,601.5,2712.9
66,405,443.5,1945.7
66,406,644.4,3203.5
66,407,913.7,4246.3
66,409,753.2,3528.9
66,410,554.5,2702.2
66,411,772.3,3861.7
66,412,427.3,2012.1
66,414,508.6,2514.4
66,415,827.0,3767.6
66,416,269.2,1221.4
66,419,560.7,2785.0
66,420,673.3,3366.4
66,421,472.4,2072.0
66,422,394.6,1972.8
66,423,485.3,2394.6
66,424,249.7,1217.8
66,425,0.0,0.0
66,426,0.0,0.0
66,427,0.0,0.0
67,386,860.8,4239.2
67,393,889.2,4446.1
67,394,803.3,3904.4
67,396,655.2,3276.2
67,400,643.4,3216.9
67,402,583.8,2793.1
67,403,731.3,3542.3
67,404,601.5,2712.9
67,406,644.4,3203.5
67,407,913.7,4246.3
67,409,753.2,3528.9
67,410,554.5,2702.2
67,411,772.3,3861.7
67,414,508.6,2514.4
67,415,827.0,3767.6
67,416,269.2,1221.4
67,419,560.7,2785.0
67,420,673.3,3366.4
67,421,472.4,2072.0
67,422,394.6,1972.8
67,423,485.3,2394.6
67,424,249.7,1217.8
67,425,760.8,3486.0
67,426,1100.9,5409.6
67,427,795.8,3979.1
67,428,0.0,0.0
67,429,0.0,0.0
68,393,889.2,4446.1
68,394,803.3,3904.4
68,396,655.2,3276.2
68,400,643.4,3216.9
68,403,731.3,3542.3
68,404,601.5,2712.9
68,406,644.4,3203.5
68,407,913.7,4246.3
68,409,753.2,3528.9
68,410,554.5,2702.2
68,411,772.3,3861.7
68,414,508.6,2514.4
68,415,827.0,3767.6
68,419,560.7,2785.0
68,420,673.3,3366.4
68,421,472.4,2072.0
68,422,394.6,1972.8
68,423,485.3,2394.6
68,424,249.7,1217.8
68,425,760.8,3486.0
68,426,1100.9,5409.6
68,427,795.8,3979.1
68,428,269.9,1349.4
68,429,456.9,2215.9
68,430,0.0,0.0
68,431,0.0,0.0
68,432,0.0,0.0
68,433,0.0,0.0
68,434,0.0,0.0
69,393,889.2,4446.1
69,403,731.3,3542.3
69,406,644.4,3203.5
69,407,913.7,4246.3
69,409,753.2,3528.9
69,410,554.5,2702.2
69,411,772.3,3861.7
69,414,508.6,2514.4
69,415,827.0,3767.6
69,419,560.7,2785.0
69,420,673.3,3366.4
69,421,472.4,2072.0
69,422,394.6,1972.8
69,423,485.3,2394.6
69,424,249.7,1217.8
69,425,760.8,3486.0
69,426,1100.9,5409.6
69,427,795.8,3979.1
69,428,269.9,1349.4
69,429,456.9,2215.9
69,430,846.7,4042.9
69,431,281.2,1309.5
69,432,468.1,2340.8
69,433,426.8,2019.0
69,434,413.6,2066.5
69,435,0.0,0.0
69,436,0.0,0.0
70,393,889.2,4446.1
70,403,731.3,3542.3
70,406,644.4,3203.5
70,407,913.7,4246.3
70,409,753.2,3528.9
70,411,772.3,3861.7
70,415,827.0,3767.6
70,419,560.7,2785.0
70,420,673.3,3366.4
70,422,394.6,1972.8
70,423,485.3,2394.6
70,425,760.8,3486.0
70,426,1100.9,5409.6
70,427,795.8,3979.1
70,428,269.9,1349.4
70,429,456.9,2215.9
70,430,846.7,4042.9
70,431,281.2,1309.5
70,432,468.1,2340.8
70,433,426.8,2019.0
70,434,413.6,2066.5
70,435,731.0,3636.2
70,436,521.9,2239.8
70,437,0.0,0.0
70,438,0.0,0.0
70,439,0.0,0.0
71,393,889.2,4446.1
71,407,913.7,4246.3
71,409,753.2,3528.9
71,411,772.3,3861.7
71,415,827.0,3767.6
71,419,560.7,2785.0
71,420,673.3,3366.4
71,422,394.6,1972.8
71,423,485.3,2394.6
71,425,760.8,3486.0
71,426,1100.9,5409.6
71,427,795.8,3979.1
71,428,269.9,1349.4
71,429,456.9,2215.9
71,430,846.7,4042.9
71,431,281.2,1309.5
71,432,468.1,2340.8
71,433,426.8,2019.0
71,434,413.6,2066.5
71,435,731.0,3636.2
71,436,521.9,2239.8
71,437,835.0,4175.1
71,438,430.9,2057.4
71,439,436.4,2182.3
71,440,0.0,0.0
71,441,0.0,0.0
72,407,913.7,4246.3
72,409,753.2,3528.9
72,415,827.0,3767.6
72,419,560.7,2785.0
72,420,673.3,3366.4
72,423,485.3,2394.6
72,425,760.8,3486.0
72,426,1100.9,5409.6
72,427,795.8,3979.1
72,428,269.9,1349.4
72,429,456.9,2215.9
72,430,846.7,4042.9
72,431,281.2,1309.5
72,432,468.1,2340.8
72,433,426.8,2019.0
72,434,413.6,2066.5
72,435,731.0,3636.2
72,436,521.9,2239.8
72,437,835.0,4175.1
72,438,430.9,2057.4
72,439,436.4,2182.3
72,440,833.0,4149.7
72,441,1826.4,8753.9
72,442,0.0,0.0
72,443,0.0,0.0
73,415,827.0,3767.6
73,419,560.7,2785.0
73,420,673.3,3366.4
73,423,485.3,2394.6
73,425,760.8,3486.0
73,426,1100.9,5409.6
73,427,795.8,3979.1
73,429,456.9,2215.9
73,430,846.7,4042.9
73,432,468.1,2340.8
73,433,426.8,2019.0
73,434,413.6,2066.5
73,435,731.0,3636.2
73,436,521.9,2239.8
73,437,835.0,4175.1
73,438,430.9,2057.4
73,439,436.4,2182.3
73,440,833.0,4149.7
73,441,1826.4,8753.9
73,442,1041.9,5177.3
73,443,1079.6,5206.2
73,444,0.0,0.0
73,445,0.0,0.0
73,446,0.0,0.0
73,447,0.0,0.0
73,448,0.0,0.0
74,420,673.3,3366.4
74,425,760.8,3486.0
74,426,1100.9,5409.6
74,427,795.8,3979.1
74,429,456.9,2215.9
74,430,846.7,4042.9
74,432,468.1,2340.8
74,433,426.8,2019.0
74,434,413.6,2066.5
74,435,731.0,3636.2
74,436,521.9,2239.8
74,437,835.0,4175.1
74,438,430.9,2057.4
74,439,436.4,2182.3
74,440,833.0,4149.7
74,441,1826.4,8753.9
74,442,1041.9,5177.3
74,443,1079.6,5206.2
74,444,498.4,2229.6
74,445,275.3,1307.4
74,446,566.8,2415.5
74,447,0.0,0.0
74,448,509.4,2539.5
74,449,0.0,0.0
74,450,0.0,0.0
75,420,673.3,3366.4
75,425,760.8,3486.0
75,426,1100.9,5409.6
75,427,795.8,3979.1
75,430,846.7,4042.9
75,432,468.1,2340.8
75,435,731.0,3636.2
75,436,521.9,2239.8
75,437,835.0,4175.1
75,438,430.9,2057.4
75,439,436.4,2182.3
75,440,833.0,4149.7
75,441,1826.4,8753.9
75,442,1041.9,5177.3
75,443,1079.6,5206.2
75,444,498.4,2229.6
75,445,275.3,1307.4
75,446,566.8,2415.5
75,448,509.4,2539.5
75,449,1003.5,5017.6
75,450,631.7,2767.4
75,451,0.0,0.0
75,452,0.0,0.0
76,425,760.8,3486.0
76,426,1100.9,5409.6
76,427,795.8,3979.1
76,430,846.7,4042.9
76,435,731.0,3636.2
76,436,521.9,2239.8
76,437,835.0,4175.1
76,438,430.9,2057.4
76,439,436.4,2182.3
76,440,833.0,4149.7
76,441,1826.4,8753.9
76,442,1041.9,5177.3
76,443,1079.6,5206.2
76,444,498.4,2229.6
76,445,275.3,1307.4
76,446,566.8,2415.5
76,448,509.4,2539.5
76,449,1003.5,5017.6
76,450,631.7,2767.4
76,451,636.6,2841.4
76,452,598.6,2905.8
76,453,0.0,0.0
77,425,760.8,3486.0
77,426,1100.9,5409.6
77,427,795.8,3979.1
77,430,846.7,4042.9
77,435,731.0,3636.2
77,437,835.0,4175.1
77,438,430.9,2057.4
77,439,436.4,2182.3
77,440,833.0,4149.7
77,441,1826.4,8753.9
77,442,1041.9,5177.3
77,443,1079.6,5206.2
77,444,498.4,2229.6
77,445,275.3,1307.4
77,446,566.8,2415.5
77,448,509.4,2539.5
77,449,1003.5,5017.6
77,450,631.7,2767.4
77,451,636.6,2841.4
77,452,598.6,2905.8
77,453,667.5,3074.4
77,454,0.0,0.0
77,455,0.0,0.0
78,426,1100.9,5409.6
78,427,795.8,3979.1
78,430,846.7,4042.9
78,435,731.0,3636.2
78,437,835.0,4175.1
78,439,436.4,2182.3
78,440,833.0,4149.7
78,441,1826.4,8753.9
78,442,1041.9,5177.3
78,443,1079.6,5206.2
78,444,498.4,2229.6
78,446,566.8,2415.5
78,448,509.4,2539.5
78,449,1003.5,5017.6
78,450,631.7,2767.4
78,451,636.6,2841.4
78,452,598.6,2905.8
78,453,667.5,3074.4
78,454,172.5,835.0
78,455,1041.9,4836.1
78,456,0.0,0.0
78,457,0.0,0.0
78,458,0.0,0.0
79,426,1100.9,5409.6
79,427,795.8,3979.1
79,430,846.7,4042.9
79,435,731.0,3636.2
79,437,835.0,4175.1
79,440,833.0,4149.7
79,441,1826.4,8753.9
79,442,1041.9,5177.3
79,443,1079.6,5206.2
79,444,498.4,2229.6
79,446,566.8,2415.5
79,448,509.4,2539.5
79,449,1003.5,5017.6
79,450,631.7,2767.4
79,451,636.6,2841.4
79,452,598.6,2905.8
79,453,667.5,3074.4
79,454,172.5,835.0
79,455,1041.9,4836.1
79,456,624.6,2973.4
79,457,787.3,3909.6
79,458,756.8,3616.8
79,459,0.0,0.0
79,460,0.0,0.0
80,426,1100.9,5409.6
80,427,795.8,3979.1
80,430,846.7,4042.9
80,435,731.0,3636.2
80,437,835.0,4175.1
80,440,833.0,4149.7
80,441,1826.4,8753.9
80,442,1041.9,5177.3
80,443,1079.6,5206.2
80,444,498.4,2229.6
80,446,566.8,2415.5
80,448,509.4,2539.5
80,449,1003.5,5017.6
80,450,631.7,2767.4
80,451,636.6,2841.4
80,452,598.6,2905.8
80,453,667.5,3074.4
80,454,172.5,835.0
80,455,1041.9,4836.1
80,456,624.6,2973.4
80,457,787.3,3909.6
80,458,756.8,3616.8
80,459,747.2,3397.0
80,460,393.7,1801.6
80,461,0.0,0.0
81,426,1100.9,5409.6
81,430,846.7,4042.9
81,437,835.0,4175.1
81,440,833.0,4149.7
81,441,1826.4,8753.9
81,442,1041.9,5177.3
81,443,1079.6,5206.2
81,448,509.4,2539.5
81,449,1003.5,5017.6
81,450,631.7,2767.4
81,451,636.6,2841.4
81,452,598.6,2905.8
81,453,667.5,3074.4
81,455,1041.9,4836.1
81,456,624.6,2973.4
81,457,787.3,3909.6
81,458,756.8,3616.8
81,459,747.2,3397.0
81,460,393.7,1801.6
81,461,982.7,4786.5
81,462,0.0,0.0
81,463,0.0,0.0
81,464,0.0,0.0
82,437,835.0,4175.1
82,440,833.0,4149.7
82,441,1826.4,8753.9
82,442,1041.9,5177.3
82,443,1079.6,5206.2
82,449,1003.5,5017.6
82,450,631.7,2767.4
82,451,636.6,2841.4
82,452,598.6,2905.8
82,453,667.5,3074.4
82,455,1041.9,4836.1
82,456,624.6,2973.4
82,457,787.3,3909.6
82,458,756.8,3616.8
82,459,747.2,3397.0
82,460,393.7,1801.6
82,461,982.7,4786.5
82,462,0.0,0.0
82,463,753.2,3746.2
82,464,132.4,591.7
82,465,0.0,0.0
82,466,0.0,0.0
83,437,977.4,4887.0
83,440,833.0,4149.7
83,441,1826.4,8753.9
83,442,1041.9,5177.3
83,443,1079.6,5206.2
83,449,1003.5,5017.6
83,450,631.7,2767.4
83,451,636.6,2841.4
83,452,598.6,2905.8
83,453,667.5,3074.4
83,455,1041.9,4836.1
83,456,624.6,2973.4
83,457,787.3,3909.6
83,458,756.8,3616.8
83,459,747.2,3397.0
83,460,393.7,1801.6
83,461,982.7,4786.5
83,463,753.2,3746.2
83,464,132.4,591.7
83,465,439.3,2153.2
83,466,135.5,661.9
83,467,0.0,0.0
83,468,0.0,0.0
84,437,977.4,4887.0
84,440,833.0,4149.7
84,441,1826.4,8753.9
84,442,1041.9,5177.3
84,443,1079.6,5206.2
84,449,1003.5,5017.6
84,451,636.6,2841.4
84,452,598.6,2905.8
84,453,667.5,3074.4
84,455,1041.9,4836.1
84,456,624.6,2973.4
84,457,787.3,3909.6
84,458,756.8,3616.8
84,459,747.2,3397.0
84,460,393.7,1801.6
84,461,982.7,4786.5
84,463,753.2,3746.2
84,465,439.3,2153.2
84,466,135.5,661.9
84,467,749.4,3728.6
84,468,989.7,4948.6
84,469,0.0,0.0
85,441,1826.4,8753.9
85,442,1041.9,5177.3
85,443,1079.6,5206.2
85,449,1003.5,5017.6
85,452,598.6,2905.8
85,453,667.5,3074.4
85,455,1041.9,4836.1
85,456,624.6,2973.4
85,457,787.3,3909.6
85,458,756.8,3616.8
85,459,747.2,3397.0
85,460,393.7,1801.6
85,461,982.7,4786.5
85,463,753.2,3746.2
85,465,439.3,2153.2
85,466,135.5,661.9
85,467,749.4,3728.6
85,468,989.7,4948.6
85,469,632.4,3062.6
86,441,1826.4,8753.9
86,442,1041.9,5177.3
86,443,1079.6,5206.2
86,449,1003.5,5017.6
86,453,667.5,3074.4
86,455,1041.9,4836.1
86,456,624.6,2973.4
86,457,787.3,3909.6
86,458,756.8,3616.8
86,459,747.2,3397.0
86,460,393.7,1801.6
86,461,982.7,4786.5
86,463,753.2,3746.2
86,465,439.3,2153.2
86,466,135.5,661.9
86,467,749.4,3728.6
86,468,989.7,4948.6
86,469,632.4,3062.6
86,470,0.0,0.0
86,471,0.0,0.0
86,472,0.0,0.0
86,473,0.0,0.0
87,441,1826.4,8753.9
87,442,1041.9,5177.3
87,443,1079.6,5206.2
87,449,1003.5,5017.6
87,455,1041.9,4836.1
87,456,624.6,2973.4
87,457,787.3,3909.6
87,458,756.8,3616.8
87,459,747.2,3397.0
87,461,982.7,4786.5
87,463,753.2,3746.2
87,465,439.3,2153.2
87,467,749.4,3728.6
87,468,989.7,4948.6
87,469,632.4,3062.6
87,470,474.8,1964.7
87,471,306.0,1514.6
87,472,0.0,0.0
87,473,747.9,3431.7
87,474,0.0,0.0
87,475,0.0,0.0
87,476,0.0,0.0
88,441,1826.4,8753.9
88,442,1041.9,5177.3
88,449,1003.5,5017.6
88,455,1041.9,4836.1
88,457,787.3,3909.6
88,458,756.8,3616.8
88,459,747.2,3397.0
88,461,982.7,4786.5
88,463,753.2,3746.2
88,465,439.3,2153.2
88,467,749.4,3728.6
88,468,989.7,4948.6
88,469,632.4,3062.6
88,470,474.8,1964.7
88,471,306.0,1514.6
88,472,368.3,1655.7
88,473,747.9,3431.7
88,474,513.6,2514.2
88,475,521.9,2239.8
88,476,171.0,763.1
88,477,0.0,0.0
89,441,1826.4,8753.9
89,455,1041.9,4836.1
89,457,787.3,3909.6
89,458,756.8,3616.8
89,459,747.2,3397.0
89,461,982.7,4786.5
89,463,753.2,3746.2
89,465,439.3,2153.2
89,467,749.4,3728.6
89,468,989.7,4948.6
89,469,632.4,3062.6
89,470,474.8,1964.7
89,471,306.0,1514.6
89,472,368.3,1655.7
89,473,747.9,3431.7
89,474,513.6,2514.2
89,475,521.9,2239.8
89,476,171.0,763.1
89,477,676.0,3253.3
89,478,0.0,0.0
89,479,0.0,0.0
90,441,1826.4,8753.9
90,455,1041.9,4836.1
90,458,756.8,3616.8
90,459,747.2,3397.0
90,461,982.7,4786.5
90,463,753.2,3746.2
90,467,749.4,3728.6
90,468,989.7,4948.6
90,469,632.4,3062.6
90,470,474.8,1964.7
90,471,306.0,1514.6
90,472,368.3,1655.7
90,473,747.9,3431.7
90,474,513.6,2514.2
90,475,521.9,2239.8
90,476,171.0,763.1
90,477,676.0,3253.3
90,478,672.9,3293.2
90,479,307.8,1539.3
90,480,0.0,0.0
90,481,0.0,0.0
91,441,1826.4,8753.9
91,455,1041.9,4836.1
91,459,747.2,3397.0
91,461,982.7,4786.5
91,463,753.2,3746.2
91,467,749.4,3728.6
91,468,989.7,4948.6
91,469,632.4,3062.6
91,470,474.8,1964.7
91,471,306.0,1514.6
91,472,368.3,1655.7
91,473,747.9,3431.7
91,474,513.6,2514.2
91,475,521.9,2239.8
91,476,171.0,763.1
91,477,676.0,3253.3
91,478,672.9,3293.2
91,479,307.8,1539.3
91,480,1110.1,5247.5
91,481,690.0,3391.8
91,482,0.0,0.0
91,483,0.0,0.0
91,484,0.0,0.0
92,441,1826.4,8753.9
92,455,1041.9,4836.1
92,461,982.7,4786.5
92,463,753.2,3746.2
92,467,749.4,3728.6
92,468,989.7,4948.6
92,469,632.4,3062.6
92,470,474.8,1964.7
92,471,306.0,1514.6
92,472,368.3,1655.7
92,473,747.9,3431.7
92,474,513.6,2514.2
92,475,521.9,2239.8
92,477,676.0,3253.3
92,478,672.9,3293.2
92,479,307.8,1539.3
92,480,1110.1,5247.5
92,481,690.0,3391.8
92,482,621.7,2988.4
92,483,351.1,1490.0
92,484,518.1,2590.5
92,485,0.0,0.0
92,486,0.0,0.0
93,441,1826.4,8753.9
93,461,982.7,4786.5
93,463,753.2,3746.2
93,467,749.4,3728.6
93,468,989.7,4948.6
93,469,632.4,3062.6
93,472,368.3,1655.7
93,473,747.9,3431.7
93,474,513.6,2514.2
93,475,521.9,2239.8
93,477,676.0,3253.3
93,478,672.9,3293.2
93,479,307.8,1539.3
93,480,1110.1,5247.5
93,481,690.0,3391.8
93,482,621.7,2988.4
93,483,351.1,1490.0
93,484,518.1,2590.5
93,485,706.7,3412.8
93,486,1097.3,5458.1
93,487,0.0,0.0
93,488,0.0,0.0
93,489,0.0,0.0
94,441,1826.4,8753.9
94,461,982.7,4786.5
94,467,749.4,3728.6
94,468,989.7,4948.6
94,469,928.5,4164.5
94,473,747.9,3431.7
94,474,513.6,2514.2
94,475,521.9,2239.8
94,477,676.0,3253.3
94,478,672.9,3293.2
94,479,307.8,1539.3
94,480,1110.1,5247.5
94,481,690.0,3391.8
94,482,621.7,2988.4
94,483,351.1,1490.0
94,484,518.1,2590.5
94,485,706.7,3412.8
94,486,1097.3,5458.1
94,487,744.4,3399.5
94,488,1013.2,5064.3
94,489,794.4,3805.6
94,490,0.0,0.0
94,491,0.0,0.0
94,492,0.0,0.0
95,441,1826.4,8753.9
95,461,982.7,4786.5
95,467,749.4,3728.6
95,468,989.7,4948.6
95,469,928.5,4164.5
95,473,747.9,3431.7
95,474,513.6,2514.2
95,477,676.0,3253.3
95,478,672.9,3293.2
95,480,1110.1,5247.5
95,481,690.0,3391.8
95,482,621.7,2988.4
95,483,351.1,1490.0
95,484,518.1,2590.5
95,485,706.7,3412.8
95,486,1097.3,5458.1
95,487,744.4,3399.5
95,488,1013.2,5064.3
95,489,794.4,3805.6
95,490,589.3,2645.4
95,491,704.4,3447.9
95,492,706.5,3059.0
95,493,0.0,0.0
96,461,982.7,4786.5
96,468,989.7,4948.6
96,469,928.5,4164.5
96,473,747.9,3431.7
96,477,676.0,3253.3
96,478,672.9,3293.2
96,480,1110.1,5247.5
96,481,690.0,3391.8
96,482,621.7,2988.4
96,483,351.1,1490.0
96,484,518.1,2590.5
96,485,706.7,3412.8
96,486,1097.3,5458.1
96,487,744.4,3399.5
96,488,1013.2,5064.3
96,489,794.4,3805.6
96,490,589.3,2645.4
96,491,704.4,3447.9
96,492,706.5,3059.0
96,493,134.1,670.7
96,494,0.0,0.0
96,495,0.0,0.0
96,496,0.0,0.0
97,468,989.7,4948.6
97,469,928.5,4164.5
97,473,747.9,3431.7
97,477,676.0,3253.3
97,478,672.9,3293.2
97,480,1110.1,5247.5
97,481,690.0,3391.8
97,482,621.7,2988.4
97,484,518.1,2590.5
97,485,706.7,3412.8
97,486,1097.3,5458.1
97,487,744.4,3399.5
97,488,1013.2,5064.3
97,489,794.4,3805.6
97,490,589.3,2645.4
97,491,704.4,3447.9
97,492,706.5,3059.0
97,493,134.1,670.7
97,494,853.7,4143.9
97,495,908.3,4453.2
97,496,572.5,2410.3
97,497,0.0,0.0
97,498,0.0,0.0
97,499,0.0,0.0
97,500,0.0,0.0
97,501,0.0,0.0
98,477,676.0,3253.3
98,478,672.9,3293.2
98,480,1110.1,5247.5
98,481,690.0,3391.8
98,482,621.7,2988.4
98,484,518.1,2590.5
98,485,706.7,3412.8
98,486,1097.3,5458.1
98,487,744.4,3399.5
98,488,1013.2,5064.3
98,489,794.4,3805.6
98,490,589.3,2645.4
98,491,704.4,3447.9
98,492,706.5,3059.0
98,493,134.1,670.7
98,494,853.7,4143.9
98,495,908.3,4453.2
98,496,572.5,2410.3
98,497,985.1,4774.5
98,498,752.9,3669.0
98,499,657.2,3256.5
98,500,306.0,1514.6
98,501,569.2,2749.8
98,502,0.0,0.0
99,477,676.0,3253.3
99,478,672.9,3293.2
99,480,1110.1,5247.5
99,481,690.0,3391.8
99,482,621.7,2988.4
99,484,518.1,2590.5
99,485,706.7,3412.8
99,486,1097.3,5458.1
99,487,744.4,3399.5
99,488,1013.2,5064.3
99,489,794.4,3805.6
99,490,589.3,2645.4
99,491,704.4,3447.9
99,492,706.5,3059.0
99,494,853.7,4143.9
99,495,908.3,4453.2
99,496,572.5,2410.3
99,497,985.1,4774.5
99,498,752.9,3669.0
99,499,657.2,3256.5
99,500,306.0,1514.6
99,501,569.2,2749.8
99,502,355.8,1604.9
99,503,0.0,0.0
99,504,0.0,0.0
99,505,0.0,0.0
100,478,672.9,3293.2
100,480,1110.1,5247.5
100,481,690.0,3391.8
100,482,621.7,2988.4
100,484,518.1,2590.5
100,485,706.7,3412.8
100,486,1097.3,5458.1
100,487,744.4,3399.5
100,488,1013.2,5064.3
100,489,794.4,3805.6
100,490,589.3,2645.4
100,491,704.4,3447.9
100,492,706.5,3059.0
100,494,853.7,4143.9
100,495,908.3,4453.2
100,496,572.5,2410.3
100,497,985.1,4774.5
100,498,752.9,3669.0
100,499,657.2,3256.5
100,500,306.0,1514.6
100,501,569.2,2749.8
100,502,355.8,1604.9
100,503,444.2,2221.0
100,504,257.6,1288.3
100,505,468.0,2340.2
100,506,0.0,0.0
101,480,1110.1,5247.5
101,485,706.7,3412.8
101,486,1097.3,5458.1
101,487,744.4,3399.5
101,488,1013.2,5064.3
101,489,794.4,3805.6
101,490,589.3,2645.4
101,491,704.4,3447.9
101,492,706.5,3059.0
101,494,853.7,4143.9
101,495,908.3,4453.2
101,496,572.5,2410.3
101,497,985.1,4774.5
101,498,752.9,3669.0
101,499,657.2,3256.5
101,500,306.0,1514.6
101,501,569.2,2749.8
101,502,355.8,1604.9
101,503,444.2,2221.0
101,504,257.6,1288.3
101,505,468.0,2340.2
101,506,972.3,4841.5
101,507,0.0,0.0
101,508,0.0,0.0
101,509,0.0,0.0
101,510,0.0,0.0
102,480,1110.1,5247.5
102,485,706.7,3412.8
102,486,1097.3,5458.1
102,487,744.4,3399.5
102,488,1013.2,5064.3
102,489,794.4,3805.6
102,490,589.3,2645.4
102,491,704.4,3447.9
102,492,706.5,3059.0
102,494,853.7,4143.9
102,495,908.3,4453.2
102,496,572.5,2410.3
102,497,985.1,4774.5
102,498,752.9,3669.0
102,499,657.2,3256.5
102,500,306.0,1514.6
102,501,569.2,2749.8
102,502,355.8,1604.9
102,503,444.2,2221.0
102,504,257.6,1288.3
102,505,468.0,2340.2
102,506,972.3,4841.5
102,507,844.3,4221.7
102,508,1051.3,4950.5
102,509,326.9,1550.3
102,510,949.4,3966.1
102,511,0.0,0.0
102,512,0.0,0.0
103,480,1110.1,5247.5
103,485,706.7,3412.8
103,486,1097.3,5458.1
103,487,744.4,3399.5
103,488,1013.2,5064.3
103,489,794.4,3805.6
103,491,704.4,3447.9
103,492,706.5,3059.0
103,494,853.7,4143.9
103,495,908.3,4453.2
103,496,572.5,2410.3
103,497,985.1,4774.5
103,498,752.9,3669.0
103,499,657.2,3256.5
103,500,306.0,1514.6
103,501,569.2,2749.8
103,502,355.8,1604.9
103,503,444.2,2221.0
103,504,257.6,1288.3
103,505,468.0,2340.2
103,506,972.3,4841.5
103,507,844.3,4221.7
103,508,1051.3,4950.5
103,509,326.9,1550.3
103,510,949.4,3966.1
103,511,322.3,1611.7
103,512,334.2,1671.3
103,513,0.0,0.0
103,514,0.0,0.0
103,515,0.0,0.0
104,480,1110.1,5247.5
104,485,706.7,3412.8
104,486,1097.3,5458.1
104,487,744.4,3399.5
104,488,1013.2,5064.3
104,489,794.4,3805.6
104,491,704.4,3447.9
104,492,706.5,3059.0
104,494,853.7,4143.9
104,495,908.3,4453.2
104,496,572.5,2410.3
104,497,985.1,4774.5
104,498,752.9,3669.0
104,499,657.2,3256.5
104,501,569.2,2749.8
104,503,444.2,2221.0
104,505,468.0,2340.2
104,506,972.3,4841.5
104,507,844.3,4221.7
104,508,1051.3,4950.5
104,509,326.9,1550.3
104,510,949.4,3966.1
104,511,322.3,1611.7
104,512,334.2,1671.3
104,513,328.9,1531.6
104,514,704.5,3355.7
104,515,835.0,4175.1
104,516,0.0,0.0
105,480,1110.1,5247.5
105,486,1097.3,5458.1
105,488,1013.2,5064.3
105,494,853.7,4143.9
105,495,908.3,4453.2
105,497,985.1,4774.5
105,498,752.9,3669.0
105,499,657.2,3256.5
105,501,569.2,2749.8
105,503,444.2,2221.0
105,505,468.0,2340.2
105,506,972.3,4841.5
105,507,844.3,4221.7
105,508,1051.3,4950.5
105,509,326.9,1550.3
105,510,949.4,3966.1
105,511,322.3,1611.7
105,512,334.2,1671.3
105,513,328.9,1531.6
105,514,704.5,3355.7
105,515,835.0,4175.1
105,516,315.3,1480.2
105,517,0.0,0.0
106,480,1110.1,5247.5
106,486,1097.3,5458.1
106,488,1013.2,5064.3
106,494,853.7,4143.9
106,495,908.3,4453.2
106,497,985.1,4774.5
106,498,752.9,3669.0
106,499,657.2,3256.5
106,503,444.2,2221.0
106,505,468.0,2340.2
106,506,972.3,4841.5
106,507,844.3,4221.7
106,508,1051.3,4950.5
106,509,326.9,1550.3
106,510,949.4,3966.1
106,511,322.3,1611.7
106,512,334.2,1671.3
106,513,328.9,1531.6
106,514,704.5,3355.7
106,515,835.0,4175.1
106,516,315.3,1480.2
106,517,317.7,1474.1
106,518,0.0,0.0
106,519,0.0,0.0
106,520,0.0,0.0
107,486,1097.3,5458.1
107,488,1013.2,5064.3
107,494,853.7,4143.9
107,495,908.3,4453.2
107,497,985.1,4774.5
107,498,752.9,3669.0
107,499,657.2,3256.5
107,503,444.2,2221.0
107,505,468.0,2340.2
107,506,972.3,4841.5
107,507,844.3,4221.7
107,508,1051.3,4950.5
107,509,326.9,1550.3
107,510,949.4,3966.1
107,511,322.3,1611.7
107,512,334.2,1671.3
107,513,328.9,1531.6
107,514,704.5,3355.7
107,515,835.0,4175.1
107,516,315.3,1480.2
107,517,317.7,1474.1
107,518,437.8,2131.9
107,519,569.9,2728.8
107,520,500.3,2279.4
107,521,0.0,0.0
107,522,0.0,0.0
108,486,1097.3,5458.1
108,488,1013.2,5064.3
108,494,853.7,4143.9
108,495,908.3,4453.2
108,497,985.1,4774.5
108,498,752.9,3669.0
108,499,657.2,3256.5
108,506,972.3,4841.5
108,507,844.3,4221.7
108,508,1051.3,4950.5
108,510,949.4,3966.1
108,511,322.3,1611.7
108,512,334.2,1671.3
108,513,328.9,1531.6
108,514,704.5,3355.7
108,515,835.0,4175.1
108,516,315.3,1480.2
108,517,317.7,1474.1
108,518,437.8,2131.9
108,519,569.9,2728.8
108,520,500.3,2279.4
108,521,287.9,1140.5
108,522,851.7,4258.4
108,523,0.0,0.0
108,524,0.0,0.0
109,488,1309.3000000000002,6166.200000000001
109,494,853.7,4143.9
109,495,908.3,4453.2
109,497,985.1,4774.5
109,499,657.2,3256.5
109,506,972.3,4841.5
109,507,844.3,4221.7
109,508,1051.3,4950.5
109,510,949.4,3966.1
109,514,704.5,3355.7
109,515,835.0,4175.1
109,516,315.3,1480.2
109,517,317.7,1474.1
109,518,437.8,2131.9
109,519,569.9,2728.8
109,520,500.3,2279.4
109,521,287.9,1140.5
109,522,851.7,4258.4
109,523,661.4,3050.4
109,524,557.1,2785.8
109,525,0.0,0.0
110,488,1309.3000000000002,6166.200000000001
110,497,985.1,4774.5
110,506,972.3,4841.5
110,507,844.3,4221.7
110,508,1051.3,4950.5
110,510,949.4,3966.1
110,514,704.5,3355.7
110,515,835.0,4175.1
110,517,317.7,1474.1
110,518,437.8,2131.9
110,519,569.9,2728.8
110,520,500.3,2279.4
110,521,287.9,1140.5
110,522,851.7,4258.4
110,523,661.4,3050.4
110,524,557.1,2785.8
110,525,589.8,2677.5
110,526,0.0,0.0
110,527,0.0,0.0
111,488,1309.3000000000002,6166.200000000001
111,497,985.1,4774.5
111,506,972.3,4841.5
111,507,844.3,4221.7
111,508,1051.3,4950.5
111,510,949.4,3966.1
111,514,704.5,3355.7
111,515,835.0,4175.1
111,518,437.8,2131.9
111,519,569.9,2728.8
111,520,500.3,2279.4
111,521,287.9,1140.5
111,522,851.7,4258.4
111,523,661.4,3050.4
111,524,557.1,2785.8
111,525,589.8,2677.5
111,526,309.9,1518.2
111,527,566.8,2718.9
111,528,0.0,0.0
112,488,1309.3000000000002,6166.200000000001
112,497,985.1,4774.5
112,506,972.3,4841.5
112,507,844.3,4221.7
112,508,1051.3,4950.5
112,510,949.4,3966.1
112,514,704.5,3355.7
112,515,835.0,4175.1
112,518,437.8,2131.9
112,519,569.9,2728.8
112,520,500.3,2279.4
112,522,851.7,4258.4
112,523,661.4,3050.4
112,524,557.1,2785.8
112,525,589.8,2677.5
112,526,309.9,1518.2
112,527,566.8,2718.9
112,528,1138.9,5654.5
112,529,0.0,0.0
112,530,0.0,0.0
113,506,972.3,4841.5
113,507,844.3,4221.7
113,508,1051.3,4950.5
113,510,949.4,3966.1
113,514,704.5,3355.7
113,515,835.0,4175.1
113,519,569.9,2728.8
113,520,500.3,2279.4
113,522,851.7,4258.4
113,523,661.4,3050.4
113,524,557.1,2785.8
113,525,589.8,2677.5
113,526,309.9,1518.2
113,527,566.8,2718.9
113,528,1138.9,5654.5
113,529,1105.9,5243.3
113,530,0.0,0.0
113,531,0.0,0.0
113,532,0.0,0.0
113,533,0.0,0.0
114,506,972.3,4841.5
114,507,844.3,4221.7
114,508,1051.3,4950.5
114,515,835.0,4175.1
114,519,569.9,2728.8
114,522,851.7,4258.4
114,523,661.4,3050.4
114,524,557.1,2785.8
114,525,589.8,2677.5
114,526,309.9,1518.2
114,527,566.8,2718.9
114,528,1138.9,5654.5
114,529,1105.9,5243.3
114,531,577.1,2798.9
114,532,433.9,2032.4
114,533,616.3,3081.8
115,508,1051.3,4950.5
115,515,835.0,4175.1
115,519,569.9,2728.8
115,522,851.7,4258.4
115,523,661.4,3050.4
115,524,557.1,2785.8
115,525,589.8,2677.5
115,526,309.9,1518.2
115,527,566.8,2718.9
115,528,1138.9,5654.5
115,529,1105.9,5243.3
115,531,577.1,2798.9
115,532,433.9,2032.4
115,533,616.3,3081.8
115,534,0.0,0.0
116,515,1037.7,5082.5
116,519,569.9,2728.8
116,522,851.7,4258.4
116,523,661.4,3050.4
116,524,557.1,2785.8
116,525,589.8,2677.5
116,526,309.9,1518.2
116,527,566.8,2718.9
116,528,1138.9,5654.5
116,529,1105.9,5243.3
116,531,577.1,2798.9
116,532,433.9,2032.4
116,533,616.3,3081.8
116,534,573.7,2811.6
116,535,0.0,0.0
116,536,0.0,0.0
117,515,1037.7,5082.5
117,522,851.7,4258.4
117,523,661.4,3050.4
117,524,557.1,2785.8
117,525,589.8,2677.5
117,527,566.8,2718.9
117,528,1138.9,5654.5
117,529,1105.9,5243.3
117,531,577.1,2798.9
117,532,433.9,2032.4
117,533,616.3,3081.8
117,534,573.7,2811.6
117,535,619.4,2976.7
117,536,392.8,1474.5
117,537,0.0,0.0
117,538,0.0,0.0
117,539,0.0,0.0
118,515,1037.7,5082.5
118,522,851.7,4258.4
118,525,589.8,2677.5
118,527,566.8,2718.9
118,528,1138.9,5654.5
118,529,1105.9,5243.3
118,531,577.1,2798.9
118,532,433.9,2032.4
118,533,616.3,3081.8
118,534,573.7,2811.6
118,535,619.4,2976.7
118,536,392.8,1474.5
118,537,711.3,2800.8
118,538,453.8,2194.6
118,539,973.2,4779.6
118,540,0.0,0.0
118,541,0.0,0.0
118,542,0.0,0.0
118,543,0.0,0.0
119,515,1037.7,5082.5
119,522,851.7,4258.4
119,527,566.8,2718.9
119,528,1138.9,5654.5
119,529,1105.9,5243.3
119,531,577.1,2798.9
119,532,433.9,2032.4
119,533,616.3,3081.8
119,534,573.7,2811.6
119,535,619.4,2976.7
119,536,392.8,1474.5
119,537,711.3,2800.8
119,538,453.8,2194.6
119,539,973.2,4779.6
119,540,674.4,3371.9
119,541,350.3,1751.7
119,542,488.3,2399.8
119,543,490.9,2454.6
119,544,0.0,0.0
119,545,0.0,0.0
119,546,0.0,0.0
120,522,851.7,4258.4
120,528,1138.9,5654.5
120,529,1105.9,5243.3
120,531,577.1,2798.9
120,532,433.9,2032.4
120,533,616.3,3081.8
120,534,573.7,2811.6
120,535,619.4,2976.7
120,536,392.8,1474.5
120,537,711.3,2800.8
120,538,453.8,2194.6
120,539,973.2,4779.6
120,540,674.4,3371.9
120,541,350.3,1751.7
120,542,488.3,2399.8
120,543,490.9,2454.6
120,544,789.3,3584.0
120,545,759.5,3527.8
120,546,742.2,3683.9
120,547,0.0,0.0
